"","Project.ID","Deployment.id_new","Unit","Site","Settlements","Lon","Lat","Start.date","Time.Diff","rescaled_Time.Diff_new","Monitoring.Time.Diff_numeric","sinus_Monitoring.Time.Diff","cosinus_Monitoring.Time.Diff","Distance","Transect","Distance.Agri","Transect_date","Canis aureus","Canis lupus","Gazella gazella","Hystrix indica","Meles meles","Sus scrofa","Vulpes vulpes","Distance_rescaled","Distance.Agri_rescaled"
"1","T0","Gamla Far CA11","Herbaceous and Dwarf Shrub Vegetation","Gamla","Far",35.74769,32.917469,25/06/14, 787,-1.13445554663547,4,-0.756802495307928,-0.653643620863612,4159.040426,"Gamla Far",2763.614907,"Gamla Far 25/06/14",0,4,2,0,0,7,0,1.8205882982842,1.73339168558701
"2","T0","Gamla Far CA21","Herbaceous and Dwarf Shrub Vegetation","Gamla","Far",35.74769,32.917469,25/06/14, 787,-1.13445554663547,4,-0.756802495307928,-0.653643620863612,4159.040426,"Gamla Far",2763.614907,"Gamla Far 25/06/14",0,0,6,0,0,6,0,1.8205882982842,1.73339168558701
"3","T0","Gamla Far CA22","Herbaceous and Dwarf Shrub Vegetation","Gamla","Far",35.74769,32.917469,25/06/14, 787,-1.13445554663547,4,-0.756802495307928,-0.653643620863612,4159.040426,"Gamla Far",2763.614907,"Gamla Far 25/06/14",0,0,1,0,0,0,0,1.8205882982842,1.73339168558701
"4","T0","Gamla Far CA23","Herbaceous and Dwarf Shrub Vegetation","Gamla","Far",35.74769,32.917469,25/06/14, 787,-1.13445554663547,4,-0.756802495307928,-0.653643620863612,4159.040426,"Gamla Far",2763.614907,"Gamla Far 25/06/14",1,0,0,0,0,0,0,1.8205882982842,1.73339168558701
"5","T0","Gamla Far CA25","Herbaceous and Dwarf Shrub Vegetation","Gamla","Far",35.74769,32.917469,25/06/14, 787,-1.13445554663547,4,-0.756802495307928,-0.653643620863612,4159.040426,"Gamla Far",2763.614907,"Gamla Far 25/06/14",2,0,0,3,0,0,0,1.8205882982842,1.73339168558701
"6","T0","Gamla Far CA30","Herbaceous and Dwarf Shrub Vegetation","Gamla","Far",35.74769,32.917469,25/06/14, 787,-1.13445554663547,4,-0.756802495307928,-0.653643620863612,4159.040426,"Gamla Far",2763.614907,"Gamla Far 25/06/14",0,0,0,0,0,0,1,1.8205882982842,1.73339168558701
"7","T0","Gamla Far CA31","Herbaceous and Dwarf Shrub Vegetation","Gamla","Far",35.74769,32.917469,25/06/14, 787,-1.13445554663547,4,-0.756802495307928,-0.653643620863612,4159.040426,"Gamla Far",2763.614907,"Gamla Far 25/06/14",0,0,44,0,0,7,0,1.8205882982842,1.73339168558701
"8","T0","Gamla Far CA34","Herbaceous and Dwarf Shrub Vegetation","Gamla","Far",35.74769,32.917469,25/06/14, 787,-1.13445554663547,4,-0.756802495307928,-0.653643620863612,4159.040426,"Gamla Far",2763.614907,"Gamla Far 25/06/14",3,0,1,0,0,12,0,1.8205882982842,1.73339168558701
"9","T0","Gamla Far CA7","Herbaceous and Dwarf Shrub Vegetation","Gamla","Far",35.74769,32.917469,25/06/14, 787,-1.13445554663547,4,-0.756802495307928,-0.653643620863612,4159.040426,"Gamla Far",2763.614907,"Gamla Far 25/06/14",0,0,7,0,2,17,1,1.8205882982842,1.73339168558701
"10","T0","Karei Deshe Far CA10","Herbaceous and Dwarf Shrub Vegetation","Karei Deshe","Far",35.58239,32.92394,06/07/14, 798,-1.12561426391538,15,0.650287840157117,-0.759687912858821,1603.862858,"Karei Deshe Far",745.790268,"Karei Deshe Far 06/07/14",1,0,9,0,0,0,1,-0.241957530570575,-0.424979367225742
"11","T0","Karei Deshe Far CA12","Herbaceous and Dwarf Shrub Vegetation","Karei Deshe","Far",35.58239,32.92394,06/07/14, 798,-1.12561426391538,15,0.650287840157117,-0.759687912858821,1603.862858,"Karei Deshe Far",745.790268,"Karei Deshe Far 06/07/14",0,0,2,1,0,0,0,-0.241957530570575,-0.424979367225742
"12","T0","Karei Deshe Far CA26","Herbaceous and Dwarf Shrub Vegetation","Karei Deshe","Far",35.58239,32.92394,06/07/14, 798,-1.12561426391538,15,0.650287840157117,-0.759687912858821,1603.862858,"Karei Deshe Far",745.790268,"Karei Deshe Far 06/07/14",7,0,1,3,0,2,0,-0.241957530570575,-0.424979367225742
"13","T0","Karei Deshe Far CA29","Herbaceous and Dwarf Shrub Vegetation","Karei Deshe","Far",35.58239,32.92394,06/07/14, 798,-1.12561426391538,15,0.650287840157117,-0.759687912858821,1603.862858,"Karei Deshe Far",745.790268,"Karei Deshe Far 06/07/14",2,0,2,0,0,0,1,-0.241957530570575,-0.424979367225742
"14","T0","Karei Deshe Far CA3","Herbaceous and Dwarf Shrub Vegetation","Karei Deshe","Far",35.58239,32.92394,06/07/14, 798,-1.12561426391538,15,0.650287840157117,-0.759687912858821,1603.862858,"Karei Deshe Far",745.790268,"Karei Deshe Far 06/07/14",0,0,1,0,0,0,0,-0.241957530570575,-0.424979367225742
"15","T0","Karei Deshe Far CA35","Herbaceous and Dwarf Shrub Vegetation","Karei Deshe","Far",35.58239,32.92394,06/07/14, 798,-1.12561426391538,15,0.650287840157117,-0.759687912858821,1603.862858,"Karei Deshe Far",745.790268,"Karei Deshe Far 06/07/14",3,0,4,0,0,0,0,-0.241957530570575,-0.424979367225742
"16","T0","Karei Deshe Far CA36","Herbaceous and Dwarf Shrub Vegetation","Karei Deshe","Far",35.58239,32.92394,06/07/14, 798,-1.12561426391538,15,0.650287840157117,-0.759687912858821,1603.862858,"Karei Deshe Far",745.790268,"Karei Deshe Far 06/07/14",0,0,1,0,0,0,0,-0.241957530570575,-0.424979367225742
"17","T0","Karei Deshe Far CA4","Herbaceous and Dwarf Shrub Vegetation","Karei Deshe","Far",35.58239,32.92394,06/07/14, 798,-1.12561426391538,15,0.650287840157117,-0.759687912858821,1603.862858,"Karei Deshe Far",745.790268,"Karei Deshe Far 06/07/14",2,0,1,0,0,0,1,-0.241957530570575,-0.424979367225742
"18","T0","Natur Far CA13","Herbaceous and Dwarf Shrub Vegetation","Natur","Far",35.737387,32.844674,25/06/14, 787,-1.13445554663547,4,-0.756802495307928,-0.653643620863612,1561.015734,"Natur Far",1515.624005,"Natur Far 25/06/14",2,0,1,0,0,6,0,-0.276543837992566,0.398475169558446
"19","T0","Natur Far CA14","Herbaceous and Dwarf Shrub Vegetation","Natur","Far",35.737387,32.844674,25/06/14, 787,-1.13445554663547,4,-0.756802495307928,-0.653643620863612,1561.015734,"Natur Far",1515.624005,"Natur Far 25/06/14",0,0,3,0,0,2,0,-0.276543837992566,0.398475169558446
"20","T0","Natur Far CA16","Herbaceous and Dwarf Shrub Vegetation","Natur","Far",35.737387,32.844674,25/06/14, 787,-1.13445554663547,4,-0.756802495307928,-0.653643620863612,1561.015734,"Natur Far",1515.624005,"Natur Far 25/06/14",1,0,1,0,0,1,1,-0.276543837992566,0.398475169558446
"21","T0","Natur Far CA28","Herbaceous and Dwarf Shrub Vegetation","Natur","Far",35.737387,32.844674,25/06/14, 787,-1.13445554663547,4,-0.756802495307928,-0.653643620863612,1561.015734,"Natur Far",1515.624005,"Natur Far 25/06/14",6,0,4,0,0,0,0,-0.276543837992566,0.398475169558446
"22","T0","Natur Far CA33","Herbaceous and Dwarf Shrub Vegetation","Natur","Far",35.737387,32.844674,25/06/14, 787,-1.13445554663547,4,-0.756802495307928,-0.653643620863612,1561.015734,"Natur Far",1515.624005,"Natur Far 25/06/14",1,0,2,0,0,6,0,-0.276543837992566,0.398475169558446
"23","T0","Natur Far CA6","Herbaceous and Dwarf Shrub Vegetation","Natur","Far",35.737387,32.844674,25/06/14, 787,-1.13445554663547,4,-0.756802495307928,-0.653643620863612,1561.015734,"Natur Far",1515.624005,"Natur Far 25/06/14",11,0,1,0,1,0,7,-0.276543837992566,0.398475169558446
"24","T0","Natur Far CA9","Herbaceous and Dwarf Shrub Vegetation","Natur","Far",35.737387,32.844674,25/06/14, 787,-1.13445554663547,4,-0.756802495307928,-0.653643620863612,1561.015734,"Natur Far",1515.624005,"Natur Far 25/06/14",2,0,4,0,0,0,1,-0.276543837992566,0.398475169558446
"25","T0","Shaal Far CA1","Herbaceous and Dwarf Shrub Vegetation","Shaal","Far",35.750144,33.087734,24/06/14, 786,-1.13525929961002,3,0.141120008059867,-0.989992496600445,635.8477538,"Shaal Far",839.221023,"Shaal Far 24/06/14",1,0,1,0,0,0,1,-1.02334178364184,-0.325040931973817
"26","T0","Shaal Far CA17","Herbaceous and Dwarf Shrub Vegetation","Shaal","Far",35.750144,33.087734,24/06/14, 786,-1.13525929961002,3,0.141120008059867,-0.989992496600445,635.8477538,"Shaal Far",839.221023,"Shaal Far 24/06/14",0,0,2,0,0,1,0,-1.02334178364184,-0.325040931973817
"27","T0","Shaal Far CA18","Herbaceous and Dwarf Shrub Vegetation","Shaal","Far",35.750144,33.087734,24/06/14, 786,-1.13525929961002,3,0.141120008059867,-0.989992496600445,635.8477538,"Shaal Far",839.221023,"Shaal Far 24/06/14",0,0,1,0,0,0,0,-1.02334178364184,-0.325040931973817
"28","T0","Shaal Far CA20","Herbaceous and Dwarf Shrub Vegetation","Shaal","Far",35.750144,33.087734,24/06/14, 786,-1.13525929961002,3,0.141120008059867,-0.989992496600445,635.8477538,"Shaal Far",839.221023,"Shaal Far 24/06/14",1,1,10,0,0,1,3,-1.02334178364184,-0.325040931973817
"29","T0","Shaal Far CA5","Herbaceous and Dwarf Shrub Vegetation","Shaal","Far",35.750144,33.087734,24/06/14, 786,-1.13525929961002,3,0.141120008059867,-0.989992496600445,635.8477538,"Shaal Far",839.221023,"Shaal Far 24/06/14",2,0,4,2,0,0,0,-1.02334178364184,-0.325040931973817
"30","T0","Shaal Far CA8","Herbaceous and Dwarf Shrub Vegetation","Shaal","Far",35.750144,33.087734,24/06/14, 786,-1.13525929961002,3,0.141120008059867,-0.989992496600445,635.8477538,"Shaal Far",839.221023,"Shaal Far 24/06/14",1,0,35,0,0,1,2,-1.02334178364184,-0.325040931973817
"31","T0","Yavneel Far CA13","Herbaceous and Dwarf Shrub Vegetation","Yavneel","Far",35.512391,32.678852,16/07/14, 808,-1.11757673416986,25,-0.132351750097773,0.991202811863474,1924.414627,"Yavneel Far",174.417643,"Yavneel Far 16/07/14",10,0,3,0,0,14,2,0.0167926722971142,-1.03614949089952
"32","T0","Yavneel Far CA14","Herbaceous and Dwarf Shrub Vegetation","Yavneel","Far",35.512391,32.678852,16/07/14, 808,-1.11757673416986,25,-0.132351750097773,0.991202811863474,1924.414627,"Yavneel Far",174.417643,"Yavneel Far 16/07/14",0,0,3,0,0,0,0,0.0167926722971142,-1.03614949089952
"33","T0","Yavneel Far CA16","Herbaceous and Dwarf Shrub Vegetation","Yavneel","Far",35.512391,32.678852,16/07/14, 808,-1.11757673416986,25,-0.132351750097773,0.991202811863474,1924.414627,"Yavneel Far",174.417643,"Yavneel Far 16/07/14",6,0,4,1,2,3,1,0.0167926722971142,-1.03614949089952
"34","T0","Yavneel Far CA19","Herbaceous and Dwarf Shrub Vegetation","Yavneel","Far",35.512391,32.678852,16/07/14, 808,-1.11757673416986,25,-0.132351750097773,0.991202811863474,1924.414627,"Yavneel Far",174.417643,"Yavneel Far 16/07/14",1,0,9,0,0,6,1,0.0167926722971142,-1.03614949089952
"35","T0","Yavneel Far CA28","Herbaceous and Dwarf Shrub Vegetation","Yavneel","Far",35.512391,32.678852,16/07/14, 808,-1.11757673416986,25,-0.132351750097773,0.991202811863474,1924.414627,"Yavneel Far",174.417643,"Yavneel Far 16/07/14",5,1,10,3,0,0,0,0.0167926722971142,-1.03614949089952
"36","T0","Yavneel Far CA33","Herbaceous and Dwarf Shrub Vegetation","Yavneel","Far",35.512391,32.678852,16/07/14, 808,-1.11757673416986,25,-0.132351750097773,0.991202811863474,1924.414627,"Yavneel Far",174.417643,"Yavneel Far 16/07/14",2,0,3,0,0,2,1,0.0167926722971142,-1.03614949089952
"37","T0","Yavneel Far CA6","Herbaceous and Dwarf Shrub Vegetation","Yavneel","Far",35.512391,32.678852,16/07/14, 808,-1.11757673416986,25,-0.132351750097773,0.991202811863474,1924.414627,"Yavneel Far",174.417643,"Yavneel Far 16/07/14",2,0,1,1,0,3,0,0.0167926722971142,-1.03614949089952
"38","T0","Yavneel Far CA9","Herbaceous and Dwarf Shrub Vegetation","Yavneel","Far",35.512391,32.678852,16/07/14, 808,-1.11757673416986,25,-0.132351750097773,0.991202811863474,1924.414627,"Yavneel Far",174.417643,"Yavneel Far 16/07/14",1,0,1,0,0,0,1,0.0167926722971142,-1.03614949089952
"39","T1","Gamla Far 18","Herbaceous and Dwarf Shrub Vegetation","Gamla","Far",35.74591727,32.91973894,05/07/16,1528,-0.538874592491789,14,0.99060735569487,0.136737218207834,3899.840991,"Gamla Far",2943.658101,"Gamla Far 05/07/16",0,1,1,1,0,0,0,1.61136185539584,1.92597532773053
"40","T1","Gamla Far 24","Herbaceous and Dwarf Shrub Vegetation","Gamla","Far",35.7478688,32.91777454,05/07/16,1528,-0.538874592491789,14,0.99060735569487,0.136737218207834,4126.364382,"Gamla Far",2801.290492,"Gamla Far 05/07/16",0,0,1,1,0,0,0,1.79421211249589,1.77369146708938
"41","T1","Gamla Far 26","Herbaceous and Dwarf Shrub Vegetation","Gamla","Far",35.74764878,32.91622524,05/07/16,1528,-0.538874592491789,14,0.99060735569487,0.136737218207834,4296.449168,"Gamla Far",2634.52314,"Gamla Far 05/07/16",1,0,0,0,0,6,0,1.93150498415747,1.59530836176194
"42","T1","Gamla Far 33","Herbaceous and Dwarf Shrub Vegetation","Gamla","Far",35.74649534,32.91654651,05/07/16,1528,-0.538874592491789,14,0.99060735569487,0.136737218207834,4255.463514,"Gamla Far",2627.451264,"Gamla Far 05/07/16",0,1,3,0,0,0,0,1.89842126005185,1.58774391232839
"43","T1","Gamla Far 4","Herbaceous and Dwarf Shrub Vegetation","Gamla","Far",35.74598792,32.91877165,05/07/16,1528,-0.538874592491789,14,0.99060735569487,0.136737218207834,4007.258213,"Gamla Far",2843.694095,"Gamla Far 05/07/16",0,1,4,0,0,2,0,1.69806931007841,1.81904858459168
"44","T1","Gamla Far 5","Herbaceous and Dwarf Shrub Vegetation","Gamla","Far",35.7483584,32.91727712,05/07/16,1528,-0.538874592491789,14,0.99060735569487,0.136737218207834,4184.807014,"Gamla Far",2767.844874,"Gamla Far 05/07/16",4,0,2,0,1,1,0,1.84138715362356,1.73791628011852
"45","T1","Karei Deshe Far 16","Herbaceous and Dwarf Shrub Vegetation","Karei Deshe","Far",35.58326667,32.922645,23/06/16,1516,-0.548519628186424,2,0.909297426825682,-0.416146836547142,1767.938409,"Karei Deshe Far",585.450506,"Karei Deshe Far 23/06/16",0,0,4,0,0,0,0,-0.109515328678132,-0.596487185212935
"46","T1","Karei Deshe Far 17","Herbaceous and Dwarf Shrub Vegetation","Karei Deshe","Far",35.58100167,32.92512833,23/06/16,1516,-0.548519628186424,2,0.909297426825682,-0.416146836547142,1420.537974,"Karei Deshe Far",913.206315,"Karei Deshe Far 23/06/16",0,0,0,1,0,0,1,-0.389937842997725,-0.245902383707384
"47","T1","Karei Deshe Far 21","Herbaceous and Dwarf Shrub Vegetation","Karei Deshe","Far",35.58025333,32.92388333,23/06/16,1516,-0.548519628186424,2,0.909297426825682,-0.416146836547142,1496.680469,"Karei Deshe Far",811.848942,"Karei Deshe Far 23/06/16",0,0,8,0,0,0,2,-0.32847542745853,-0.354319545260512
"48","T1","Karei Deshe Far 4","Herbaceous and Dwarf Shrub Vegetation","Karei Deshe","Far",35.58048512,32.92449345,23/06/16,1516,-0.548519628186424,2,0.909297426825682,-0.416146836547142,1450.870001,"Karei Deshe Far",867.323454,"Karei Deshe Far 23/06/16",0,0,1,0,0,0,0,-0.365453753690958,-0.294981098026042
"49","T1","Karei Deshe Far 8","Herbaceous and Dwarf Shrub Vegetation","Karei Deshe","Far",35.58348333,32.92333167,23/06/16,1516,-0.548519628186424,2,0.909297426825682,-0.416146836547142,1719.965845,"Karei Deshe Far",653.574309,"Karei Deshe Far 23/06/16",1,0,0,0,0,0,0,-0.148238904298403,-0.523618392969627
"50","T1","Natur Far 16","Herbaceous and Dwarf Shrub Vegetation","Natur","Far",35.73780016,32.84436409,05/07/16,1528,-0.538874592491789,14,0.99060735569487,0.136737218207834,1549.943691,"Natur Far",1550.368239,"Natur Far 05/07/16",3,0,1,0,0,1,1,-0.285481219250349,0.435639424305041
"51","T1","Natur Far 17","Herbaceous and Dwarf Shrub Vegetation","Natur","Far",35.73715629,32.84348816,05/07/16,1528,-0.538874592491789,14,0.99060735569487,0.136737218207834,1654.112029,"Natur Far",1600.508724,"Natur Far 05/07/16",0,0,2,0,0,14,0,-0.201396271992142,0.489272316532795
"52","T1","Natur Far 21","Herbaceous and Dwarf Shrub Vegetation","Natur","Far",35.73735855,32.84282899,05/07/16,1528,-0.538874592491789,14,0.99060735569487,0.136737218207834,1671.539851,"Natur Far",1624.080144,"Natur Far 05/07/16",0,0,2,0,0,1,0,-0.187328489767418,0.514485543499289
"53","T1","Natur Far 30","Herbaceous and Dwarf Shrub Vegetation","Natur","Far",35.73779834,32.8418756,05/07/16,1528,-0.538874592491789,14,0.99060735569487,0.136737218207834,1690.779959,"Natur Far",1511.975198,"Natur Far 05/07/16",0,0,1,0,0,5,0,-0.171797825676164,0.394572214240187
"54","T1","Natur Far 6","Herbaceous and Dwarf Shrub Vegetation","Natur","Far",35.73716136,32.84537253,05/07/16,1528,-0.538874592491789,14,0.99060735569487,0.136737218207834,1532.835964,"Natur Far",1445.061586,"Natur Far 05/07/16",2,0,6,0,0,10,0,-0.299290619977303,0.322997905755422
"55","T1","Natur Far 7","Herbaceous and Dwarf Shrub Vegetation","Natur","Far",35.73725317,32.84611892,05/07/16,1528,-0.538874592491789,14,0.99060735569487,0.136737218207834,1477.447242,"Natur Far",1393.535868,"Natur Far 05/07/16",0,0,2,0,0,4,1,-0.344000537189091,0.267883295666357
"56","T1","Shaal Far 12","Herbaceous and Dwarf Shrub Vegetation","Shaal","Far",35.74936578,33.08451559,04/07/16,1527,-0.539678345466342,13,0.420167036826641,0.907446781450196,759.5465283,"Shaal Far",789.741296,"Shaal Far 04/07/16",0,0,0,0,0,0,1,-0.923491818389083,-0.37796704279324
"57","T1","Shaal Far 13","Herbaceous and Dwarf Shrub Vegetation","Shaal","Far",35.75069163,33.08839125,04/07/16,1527,-0.539678345466342,13,0.420167036826641,0.907446781450196,580.551741,"Shaal Far",837.552425,"Shaal Far 04/07/16",0,0,5,0,0,0,2,-1.06797686575169,-0.326825751899381
"58","T1","Shaal Far 27","Herbaceous and Dwarf Shrub Vegetation","Shaal","Far",35.75191177,33.08813539,04/07/16,1527,-0.539678345466342,13,0.420167036826641,0.907446781450196,468.4797245,"Shaal Far",730.953949,"Shaal Far 04/07/16",0,0,0,0,0,0,2,-1.15844168238843,-0.440849072075696
"59","T1","Shaal Far 28","Herbaceous and Dwarf Shrub Vegetation","Shaal","Far",35.74943201,33.0881524,04/07/16,1527,-0.539678345466342,13,0.420167036826641,0.907446781450196,699.4806737,"Shaal Far",920.111691,"Shaal Far 04/07/16",0,0,0,0,0,3,1,-0.97197712892615,-0.238516031405444
"60","T1","Shaal Far 32","Herbaceous and Dwarf Shrub Vegetation","Shaal","Far",35.74918451,33.08605522,04/07/16,1527,-0.539678345466342,13,0.420167036826641,0.907446781450196,737.3239454,"Shaal Far",844.865562,"Shaal Far 04/07/16",0,0,0,0,0,1,0,-0.94142994380189,-0.319003237048003
"61","T1","Shaal Far 34","Herbaceous and Dwarf Shrub Vegetation","Shaal","Far",35.75005699,33.08475303,04/07/16,1527,-0.539678345466342,13,0.420167036826641,0.907446781450196,689.9265627,"Shaal Far",729.901233,"Shaal Far 04/07/16",1,0,3,0,0,1,5,-0.979689231614532,-0.441975112315922
"62","T1","Shaal Far 35","Herbaceous and Dwarf Shrub Vegetation","Shaal","Far",35.74980887,33.08540664,04/07/16,1527,-0.539678345466342,13,0.420167036826641,0.907446781450196,692.0043097,"Shaal Far",768.295509,"Shaal Far 04/07/16",3,0,0,0,0,2,0,-0.978012068953927,-0.400906581230301
"63","T1","Shaal Far 7","Herbaceous and Dwarf Shrub Vegetation","Shaal","Far",35.74828824,33.08441662,04/07/16,1527,-0.539678345466342,13,0.420167036826641,0.907446781450196,858.3290457,"Shaal Far",888.443154,"Shaal Far 04/07/16",0,0,8,0,0,2,1,-0.843754319211435,-0.272390359344865
"64","T1","Yavniel Far 23","Herbaceous and Dwarf Shrub Vegetation","Yavneel","Far",35.51057333,32.67911667,23/06/16,1516,-0.548519628186424,2,0.909297426825682,-0.416146836547142,1864.218572,"Yavneel Far",140.24716,"Yavneel Far 23/06/16",0,0,5,0,0,0,0,-0.0317977363338381,-1.07270003148782
"65","T1","Yavniel Far 36","Herbaceous and Dwarf Shrub Vegetation","Yavneel","Far",35.50893667,32.68131,23/06/16,1516,-0.548519628186424,2,0.909297426825682,-0.416146836547142,1606.043543,"Yavneel Far",22.973362,"Yavneel Far 23/06/16",0,0,6,0,0,0,0,-0.240197276094673,-1.19814223591152
"66","T1","Yavniel Far 5","Herbaceous and Dwarf Shrub Vegetation","Yavneel","Far",35.51435743,32.67709899,23/06/16,1516,-0.548519628186424,2,0.909297426825682,-0.416146836547142,2159.67129,"Yavneel Far",67.317327,"Yavneel Far 23/06/16",1,0,8,0,0,0,0,0.206692448757951,-1.15070960545738
"67","T2","Gamla Far 1","Herbaceous and Dwarf Shrub Vegetation","Gamla","Far",35.74494,32.92139,10/10/18,2355,0.125829117463434,111,-0.864551448610608,-0.502544319145385,3715.31697,"Gamla Far",3093.736729,"Gamla Far 10/10/18",11,0,0,0,2,8,2,1.46241359653375,2.08650729867603
"68","T2","Gamla Far 2","Herbaceous and Dwarf Shrub Vegetation","Gamla","Far",35.74547,32.92078,10/10/18,2355,0.125829117463434,111,-0.864551448610608,-0.502544319145385,3783.485779,"Gamla Far",3041.926362,"Gamla Far 10/10/18",19,0,7,1,0,12,1,1.51743963246244,2.03108821308897
"69","T2","Gamla Far 3","Herbaceous and Dwarf Shrub Vegetation","Gamla","Far",35.74611,32.91978,10/10/18,2355,0.125829117463434,111,-0.864551448610608,-0.502544319145385,3895.821998,"Gamla Far",2953.505124,"Gamla Far 10/10/18",2,0,1,0,0,7,0,1.60811771402885,1.93650821992978
"70","T2","Gamla Far 4","Herbaceous and Dwarf Shrub Vegetation","Gamla","Far",35.74599,32.91877,10/10/18,2355,0.125829117463434,111,-0.864551448610608,-0.502544319145385,4007.44661,"Gamla Far",2843.582143,"Gamla Far 10/10/18",0,0,5,0,0,4,0,1.69822138461576,1.81892883486148
"71","T2","Gamla Far 5","Herbaceous and Dwarf Shrub Vegetation","Gamla","Far",35.7454,32.91806,10/10/18,2355,0.125829117463434,111,-0.864551448610608,-0.502544319145385,4085.00371,"Gamla Far",2751.563759,"Gamla Far 10/10/18",5,0,14,0,0,5,0,1.76082567290727,1.72050114569884
"72","T2","Gamla Far 6","Herbaceous and Dwarf Shrub Vegetation","Gamla","Far",35.74448,32.91743,10/10/18,2355,0.125829117463434,111,-0.864551448610608,-0.502544319145385,4154.559394,"Gamla Far",2659.352238,"Gamla Far 10/10/18",0,0,5,0,0,4,0,1.81697119786178,1.62186686707249
"73","T2","Gamla Far 8","Herbaceous and Dwarf Shrub Vegetation","Gamla","Far",35.74302,32.91627,10/10/18,2355,0.125829117463434,111,-0.864551448610608,-0.502544319145385,4286.279042,"Gamla Far",2498.892307,"Gamla Far 10/10/18",0,0,7,0,0,10,0,1.92329563259501,1.45023051002099
"74","T2","Gamla Far 9","Herbaceous and Dwarf Shrub Vegetation","Gamla","Far",35.74253,32.91602,10/10/18,2355,0.125829117463434,111,-0.864551448610608,-0.502544319145385,4315.977617,"Gamla Far",2460.926494,"Gamla Far 10/10/18",0,0,0,0,0,1,0,1.94726839783696,1.40962028542966
"75","T2","Karei Deshe Far 5","Herbaceous and Dwarf Shrub Vegetation","Karei Deshe","Far",35.58369,32.92457,12/09/18,2327,0.103324034175954,83,0.968364461100185,0.249540117973338,1627.880195,"Karei Deshe Far",783.223211,"Karei Deshe Far 12/09/18",3,0,43,3,1,1,1,-0.222570675085489,-0.384939128331231
"76","T2","Karei Deshe Far 6","Herbaceous and Dwarf Shrub Vegetation","Karei Deshe","Far",35.58413,32.92413,12/09/18,2327,0.103324034175954,83,0.968364461100185,0.249540117973338,1691.675969,"Karei Deshe Far",728.185326,"Karei Deshe Far 12/09/18",0,0,2,0,0,0,0,-0.17107456412626,-0.443810536428868
"77","T2","Karei Deshe Far 9","Herbaceous and Dwarf Shrub Vegetation","Karei Deshe","Far",35.58336,32.92194,12/09/18,2327,0.103324034175954,83,0.968364461100185,0.249540117973338,1766.910803,"Karei Deshe Far",507.73122,"Karei Deshe Far 12/09/18",0,0,2,0,0,0,0,-0.110344814853789,-0.679619809280212
"78","T2","Natur Far 1","Herbaceous and Dwarf Shrub Vegetation","Natur","Far",35.73813,32.84048,10/10/18,2355,0.125829117463434,111,-0.864551448610608,-0.502544319145385,1754.75648,"Natur Far",1363.837866,"Natur Far 10/10/18",0,0,0,0,0,1,0,-0.120155815279026,0.236116755301908
"79","T2","Natur Far 2","Herbaceous and Dwarf Shrub Vegetation","Natur","Far",35.73849,32.84152,10/10/18,2355,0.125829117463434,111,-0.864551448610608,-0.502544319145385,1659.285976,"Natur Far",1445.569575,"Natur Far 10/10/18",1,0,0,0,0,1,0,-0.197219848820144,0.323541277429826
"80","T2","Natur Far 4","Herbaceous and Dwarf Shrub Vegetation","Natur","Far",35.73751,32.84275,10/10/18,2355,0.125829117463434,111,-0.864551448610608,-0.502544319145385,1663.482054,"Natur Far",1609.442647,"Natur Far 10/10/18",5,0,5,2,0,6,1,-0.193832763990957,0.498828509087176
"81","T2","Natur Far 6","Herbaceous and Dwarf Shrub Vegetation","Natur","Far",35.73713,32.84449,10/10/18,2355,0.125829117463434,111,-0.864551448610608,-0.502544319145385,1592.466009,"Natur Far",1514.451347,"Natur Far 10/10/18",4,0,0,2,0,5,0,-0.251157096057305,0.397220833065012
"82","T2","Natur Far 7","Herbaceous and Dwarf Shrub Vegetation","Natur","Far",35.73716,32.84537,10/10/18,2355,0.125829117463434,111,-0.864551448610608,-0.502544319145385,1533.103348,"Natur Far",1445.17244,"Natur Far 10/10/18",4,0,1,2,0,4,0,-0.29907478693274,0.323116481007238
"83","T2","Natur Far 8","Herbaceous and Dwarf Shrub Vegetation","Natur","Far",35.73725,32.84612,10/10/18,2355,0.125829117463434,111,-0.864551448610608,-0.502544319145385,1477.617883,"Natur Far",1393.236838,"Natur Far 10/10/18",2,0,1,0,0,12,2,-0.343862795340075,0.2675634374966
"84","T2","Shaal Far 2","Herbaceous and Dwarf Shrub Vegetation","Shaal","Far",35.75046,33.08815,10/10/18,2355,0.125829117463434,111,-0.864551448610608,-0.502544319145385,603.6884866,"Shaal Far",839.415102,"Shaal Far 10/10/18",0,0,6,0,0,0,0,-1.04930082588339,-0.324833334897508
"85","T2","Shaal Far 3","Herbaceous and Dwarf Shrub Vegetation","Shaal","Far",35.74976,33.08813,10/10/18,2355,0.125829117463434,111,-0.864551448610608,-0.502544319145385,669.0581269,"Shaal Far",892.75692,"Shaal Far 10/10/18",3,0,5,0,0,0,0,-0.996534286045604,-0.267776129008367
"86","T2","Shaal Far 4","Herbaceous and Dwarf Shrub Vegetation","Shaal","Far",35.74976,33.08697,10/10/18,2355,0.125829117463434,111,-0.864551448610608,-0.502544319145385,676.6106533,"Shaal Far",831.109316,"Shaal Far 10/10/18",4,0,14,3,0,0,0,-0.990437867534921,-0.333717639175873
"87","T2","Shaal Far 6","Herbaceous and Dwarf Shrub Vegetation","Shaal","Far",35.7498,33.0854,10/10/18,2355,0.125829117463434,111,-0.864551448610608,-0.502544319145385,692.9771189,"Shaal Far",768.904384,"Shaal Far 10/10/18",0,0,1,0,0,0,0,-0.977226814894538,-0.400255296599624
"88","T2","Shaal Far 7","Herbaceous and Dwarf Shrub Vegetation","Shaal","Far",35.75016,33.08448,10/10/18,2355,0.125829117463434,111,-0.864551448610608,-0.502544319145385,691.5960185,"Shaal Far",715.71034,"Shaal Far 10/10/18",0,0,6,0,0,0,3,-0.978341642648555,-0.457154435668789
"89","T2","Shaal Far 9","Herbaceous and Dwarf Shrub Vegetation","Shaal","Far",35.74829,33.08442,10/10/18,2355,0.125829117463434,111,-0.864551448610608,-0.502544319145385,858.0568733,"Shaal Far",888.317525,"Shaal Far 10/10/18",2,0,5,0,0,0,0,-0.843974017464653,-0.272524738711512
"90","T2","Yavneel Far 1","Herbaceous and Dwarf Shrub Vegetation","Yavneel","Far",35.50895,32.68134,12/09/18,2327,0.103324034175954,83,0.968364461100185,0.249540117973338,1602.810615,"Yavneel Far",26.205747,"Yavneel Far 12/09/18",0,2,4,0,0,0,0,-0.242806903795267,-1.1946847074025
"91","T2","Yavneel Far 2","Herbaceous and Dwarf Shrub Vegetation","Yavneel","Far",35.50926,32.68037,12/09/18,2327,0.103324034175954,83,0.968364461100185,0.249540117973338,1712.275348,"Yavneel Far",48.07415,"Yavneel Far 12/09/18",0,0,1,0,0,0,1,-0.154446693028165,-1.17129311672897
"92","T2","Yavneel Far 3","Herbaceous and Dwarf Shrub Vegetation","Yavneel","Far",35.51019,32.6796,12/09/18,2327,0.103324034175954,83,0.968364461100185,0.249540117973338,1806.293294,"Yavneel Far",128.945337,"Yavneel Far 12/09/18",0,0,0,1,0,0,0,-0.0785551679974496,-1.08478905405982
"93","T2","Yavneel Far 4","Herbaceous and Dwarf Shrub Vegetation","Yavneel","Far",35.51019,32.67906,12/09/18,2327,0.103324034175954,83,0.968364461100185,0.249540117973338,1865.717242,"Yavneel Far",104.8101,"Yavneel Far 12/09/18",0,0,3,1,0,8,0,-0.0305880060998062,-1.11060536925726
"94","T2","Yavneel Far 5","Herbaceous and Dwarf Shrub Vegetation","Yavneel","Far",35.51051,32.67867,12/09/18,2327,0.103324034175954,83,0.968364461100185,0.249540117973338,1912.461005,"Yavneel Far",114.847382,"Yavneel Far 12/09/18",0,0,2,0,0,0,0,0.00714367822931439,-1.09986896605403
"95","T2","Yavneel Far 6","Herbaceous and Dwarf Shrub Vegetation","Yavneel","Far",35.51099,32.67802,12/09/18,2327,0.103324034175954,83,0.968364461100185,0.249540117973338,1990.255448,"Yavneel Far",100.856465,"Yavneel Far 12/09/18",1,0,0,0,0,0,0,0.0699395503938161,-1.11483438459013
"96","T2","Yavneel Far 7","Herbaceous and Dwarf Shrub Vegetation","Yavneel","Far",35.51098,32.67715,12/09/18,2327,0.103324034175954,83,0.968364461100185,0.249540117973338,2085.532467,"Yavneel Far",19.700263,"Yavneel Far 12/09/18",0,0,5,0,0,3,2,0.146847402351042,-1.20164331425006
"97","T2","Yavneel Far 8","Herbaceous and Dwarf Shrub Vegetation","Yavneel","Far",35.51167,32.67616,12/09/18,2327,0.103324034175954,83,0.968364461100185,0.249540117973338,2204.051422,"Yavneel Far",7.747007,"Yavneel Far 12/09/18",0,0,0,1,0,0,1,0.24251620413487,-1.21442914372137
"98","T2","Yavneel Far 9","Herbaceous and Dwarf Shrub Vegetation","Yavneel","Far",35.51188,32.67767,12/09/18,2327,0.103324034175954,83,0.968364461100185,0.249540117973338,2042.741313,"Yavneel Far",35.354925,"Yavneel Far 12/09/18",0,0,1,0,0,0,0,0.112306274055342,-1.18489826681169
"99","T3","Gamla Far 1","Herbaceous and Dwarf Shrub Vegetation","Gamla","Far",35.74485574,32.92135068,30/06/20,2984,0.631389738457189,9,0.412118485241757,-0.911130261884677,3719.654655,"Gamla Far",3087.41808,"Gamla Far 30/06/20",0,0,0,0,0,0,1,1.46591498689334,2.07974854034248
"100","T3","Gamla Far 2","Herbaceous and Dwarf Shrub Vegetation","Gamla","Far",35.7455454,32.92098002,30/06/20,2984,0.631389738457189,9,0.412118485241757,-0.911130261884677,3761.433434,"Gamla Far",3065.195334,"Gamla Far 30/06/20",0,0,0,0,0,2,0,1.49963892351531,2.05597792581366
"101","T3","Gamla Far 3","Herbaceous and Dwarf Shrub Vegetation","Gamla","Far",35.74622937,32.91999611,30/06/20,2984,0.631389738457189,9,0.412118485241757,-0.911130261884677,3872.241194,"Gamla Far",2980.160229,"Gamla Far 30/06/20",0,0,3,0,0,0,1,1.58908322909116,1.96501991808716
"102","T3","Gamla Far 4","Herbaceous and Dwarf Shrub Vegetation","Gamla","Far",35.74602753,32.91878788,30/06/20,2984,0.631389738457189,9,0.412118485241757,-0.911130261884677,4005.564994,"Gamla Far",2846.797785,"Gamla Far 30/06/20",0,0,3,0,1,0,0,1.69670253939698,1.82236845417966
"103","T3","Gamla Far 6","Herbaceous and Dwarf Shrub Vegetation","Gamla","Far",35.74439172,32.9175208,30/06/20,2984,0.631389738457189,9,0.412118485241757,-0.911130261884677,4144.554087,"Gamla Far",2666.588477,"Gamla Far 30/06/20",0,0,2,0,0,1,1,1.80889488861514,1.62960712779038
"104","T3","Gamla Far 9","Herbaceous and Dwarf Shrub Vegetation","Gamla","Far",35.74232005,32.91611721,30/06/20,2984,0.631389738457189,9,0.412118485241757,-0.911130261884677,4306.214719,"Gamla Far",2467.213305,"Gamla Far 30/06/20",0,0,4,0,0,0,0,1.93938776175139,1.41634498816876
"105","T3","Karei Deshe Far 1","Herbaceous and Dwarf Shrub Vegetation","Karei Deshe","Far",35.58048829,32.92381518,02/06/20,2956,0.608884655169709,-19,-0.149877209662952,0.988704618186669,1514.561883,"Karei Deshe Far",797.160781,"Karei Deshe Far 02/06/20",0,0,1,0,0,0,0,-0.314041504618251,-0.370030772543951
"106","T3","Karei Deshe Far 2","Herbaceous and Dwarf Shrub Vegetation","Karei Deshe","Far",35.58045577,32.92443038,02/06/20,2956,0.608884655169709,-19,-0.149877209662952,0.988704618186669,1455.237724,"Karei Deshe Far",861.61342,"Karei Deshe Far 02/06/20",1,0,0,0,0,0,0,-0.361928116581403,-0.301088849838551
"107","T3","Karei Deshe Far 3","Herbaceous and Dwarf Shrub Vegetation","Karei Deshe","Far",35.58087621,32.92498733,02/06/20,2956,0.608884655169709,-19,-0.149877209662952,0.988704618186669,1426.30396,"Karei Deshe Far",903.524066,"Karei Deshe Far 02/06/20",1,0,0,3,0,0,1,-0.385283524439801,-0.256259024995143
"108","T3","Karei Deshe Far 4","Herbaceous and Dwarf Shrub Vegetation","Karei Deshe","Far",35.58206946,32.9256346,02/06/20,2956,0.608884655169709,-19,-0.149877209662952,0.988704618186669,1438.988716,"Karei Deshe Far",934.32418,"Karei Deshe Far 02/06/20",0,0,1,0,0,0,0,-0.375044357148457,-0.223313607838438
"109","T3","Karei Deshe Far 5","Herbaceous and Dwarf Shrub Vegetation","Karei Deshe","Far",35.58379713,32.92471575,02/06/20,2956,0.608884655169709,-19,-0.149877209662952,0.988704618186669,1622.734436,"Karei Deshe Far",797.767836,"Karei Deshe Far 02/06/20",10,0,2,8,20,91,0,-0.226724344832226,-0.369381434680719
"110","T3","Karei Deshe Far 6","Herbaceous and Dwarf Shrub Vegetation","Karei Deshe","Far",35.58379713,32.92423141,02/06/20,2956,0.608884655169709,-19,-0.149877209662952,0.988704618186669,1662.528728,"Karei Deshe Far",744.305066,"Karei Deshe Far 02/06/20",3,0,0,0,0,0,0,-0.194602291161775,-0.426568017172036
"111","T3","Karei Deshe Far 7","Herbaceous and Dwarf Shrub Vegetation","Karei Deshe","Far",35.58348333,32.92333167,02/06/20,2956,0.608884655169709,-19,-0.149877209662952,0.988704618186669,1719.965845,"Karei Deshe Far",653.39538,"Karei Deshe Far 02/06/20",2,0,0,0,0,0,0,-0.148238904298403,-0.523809784811437
"112","T3","Karei Deshe Far 8","Herbaceous and Dwarf Shrub Vegetation","Karei Deshe","Far",35.58326667,32.922645,02/06/20,2956,0.608884655169709,-19,-0.149877209662952,0.988704618186669,1767.938409,"Karei Deshe Far",585.985439,"Karei Deshe Far 02/06/20",0,0,6,0,0,0,0,-0.109515328678132,-0.595914992823131
"113","T3","Karei Deshe Far 9","Herbaceous and Dwarf Shrub Vegetation","Karei Deshe","Far",35.58302198,32.92195998,02/06/20,2956,0.608884655169709,-19,-0.149877209662952,0.988704618186669,1797.544042,"Karei Deshe Far",518.481979,"Karei Deshe Far 02/06/20",2,0,2,0,0,0,1,-0.0856175864548581,-0.668120233661556
"114","T3","Natur Far 1","Herbaceous and Dwarf Shrub Vegetation","Natur","Far",35.73818542,32.84089983,16/07/20,3000,0.644249786050035,25,-0.132351750097773,0.991202811863474,1722.75706,"Natur Far",748.201242,"Natur Far 16/07/20",1,0,0,0,0,0,0,-0.145985828454366,-0.42240046299883
"115","T3","Natur Far 2","Herbaceous and Dwarf Shrub Vegetation","Natur","Far",35.73817771,32.84185702,16/07/20,3000,0.644249786050035,25,-0.132351750097773,0.991202811863474,1662.226388,"Natur Far",817.327988,"Natur Far 16/07/20",35,0,0,0,0,23,2,-0.194846340778406,-0.348458870326296
"116","T3","Natur Far 3","Herbaceous and Dwarf Shrub Vegetation","Natur","Far",35.73751755,32.84225251,16/07/20,3000,0.644249786050035,25,-0.132351750097773,0.991202811863474,1690.833955,"Natur Far",892.091412,"Natur Far 16/07/20",1,0,0,0,1,0,0,-0.171754239967691,-0.268487991265796
"117","T3","Natur Far 4","Herbaceous and Dwarf Shrub Vegetation","Natur","Far",35.73738746,32.84274884,16/07/20,3000,0.644249786050035,25,-0.132351750097773,0.991202811863474,1673.526909,"Natur Far",939.00646,"Natur Far 16/07/20",0,0,0,0,0,1,0,-0.185724531498169,-0.218305195601896
"118","T3","Natur Far 5","Herbaceous and Dwarf Shrub Vegetation","Natur","Far",35.73713735,32.84385276,16/07/20,3000,0.644249786050035,25,-0.132351750097773,0.991202811863474,1633.606815,"Natur Far",1043.412523,"Natur Far 16/07/20",7,0,3,3,0,1,3,-0.217948132862844,-0.106626995345097
"119","T3","Natur Far 6","Herbaceous and Dwarf Shrub Vegetation","Natur","Far",35.73702939,32.84485611,16/07/20,3000,0.644249786050035,25,-0.132351750097773,0.991202811863474,1576.356248,"Natur Far",1135.662999,"Natur Far 16/07/20",0,0,1,0,0,0,0,-0.264160936091954,-0.00795104840786776
"120","T3","Natur Far 7","Herbaceous and Dwarf Shrub Vegetation","Natur","Far",35.73718328,32.84564932,16/07/20,3000,0.644249786050035,25,-0.132351750097773,0.991202811863474,1513.216476,"Natur Far",1197.192173,"Natur Far 16/07/20",11,0,1,0,0,1,6,-0.315127520569046,0.0578637828209222
"121","T3","Natur Far 8","Herbaceous and Dwarf Shrub Vegetation","Natur","Far",35.73705085,32.84663659,16/07/20,3000,0.644249786050035,25,-0.132351750097773,0.991202811863474,1460.138228,"Natur Far",1295.111551,"Natur Far 16/07/20",2,0,0,0,0,9,0,-0.357972417294172,0.162603484626412
"122","T3","Natur Far 9","Herbaceous and Dwarf Shrub Vegetation","Natur","Far",35.73749945,32.84690221,16/07/20,3000,0.644249786050035,25,-0.132351750097773,0.991202811863474,1408.854432,"Natur Far",1297.519757,"Natur Far 16/07/20",2,0,0,4,0,2,0,-0.399368827802907,0.165179428055364
"123","T3","Shaal Far 1","Herbaceous and Dwarf Shrub Vegetation","Shaal","Far",35.75161859,33.08791204,30/06/20,2984,0.631389738457189,9,0.412118485241757,-0.911130261884677,497.2576384,"Shaal Far",546.253599,"Shaal Far 30/06/20",0,0,4,0,0,1,4,-1.13521207712697,-0.638414252507802
"124","T3","Shaal Far 2","Herbaceous and Dwarf Shrub Vegetation","Shaal","Far",35.75014807,33.08834576,30/06/20,2984,0.631389738457189,9,0.412118485241757,-0.911130261884677,631.4924617,"Shaal Far",679.173373,"Shaal Far 30/06/20",0,0,7,0,0,0,4,-1.02685738649731,-0.496236291646847
"125","T3","Shaal Far 3","Herbaceous and Dwarf Shrub Vegetation","Shaal","Far",35.74950133,33.08813986,30/06/20,2984,0.631389738457189,9,0.412118485241757,-0.911130261884677,693.101758,"Shaal Far",709.26474,"Shaal Far 30/06/20",0,0,2,0,0,2,11,-0.977126205896151,-0.464048987449514
"126","T3","Shaal Far 4","Herbaceous and Dwarf Shrub Vegetation","Shaal","Far",35.74969377,33.08706567,30/06/20,2984,0.631389738457189,9,0.412118485241757,-0.911130261884677,682.1604213,"Shaal Far",626.095977,"Shaal Far 30/06/20",0,0,1,0,0,0,4,-0.985958080696282,-0.553010657897946
"127","T3","Shaal Far 5","Herbaceous and Dwarf Shrub Vegetation","Shaal","Far",35.74942756,33.08596871,30/06/20,2984,0.631389738457189,9,0.412118485241757,-0.911130261884677,715.9720195,"Shaal Far",595.344719,"Shaal Far 30/06/20",0,0,2,0,0,1,1,-0.958665272670847,-0.585903816114941
"128","T3","Shaal Far 6","Herbaceous and Dwarf Shrub Vegetation","Shaal","Far",35.74980039,33.08568443,30/06/20,2984,0.631389738457189,9,0.412118485241757,-0.911130261884677,686.5073251,"Shaal Far",551.912578,"Shaal Far 30/06/20",0,0,1,0,0,2,2,-0.982449248897896,-0.632361111800724
"129","T3","Yavneel Far 1","Herbaceous and Dwarf Shrub Vegetation","Yavneel","Far",35.50906911,32.68070436,16/07/20,3000,0.644249786050035,25,-0.132351750097773,0.991202811863474,1673.919033,"Yavneel Far",12.218882,"Yavneel Far 16/07/20",0,0,0,1,0,0,1,-0.185408008008482,-1.20964579170691
"130","T3","Yavneel Far 2","Herbaceous and Dwarf Shrub Vegetation","Yavneel","Far",35.50941177,32.68035838,16/07/20,3000,0.644249786050035,25,-0.132351750097773,0.991202811863474,1714.783216,"Yavneel Far",60.258965,"Yavneel Far 16/07/20",2,0,0,1,0,0,5,-0.152422335602873,-1.15825959960782
"131","T3","Yavneel Far 3","Herbaceous and Dwarf Shrub Vegetation","Yavneel","Far",35.50985869,32.67967856,16/07/20,3000,0.644249786050035,25,-0.132351750097773,0.991202811863474,1793.984126,"Yavneel Far",104.277908,"Yavneel Far 16/07/20",0,0,1,1,0,0,0,-0.0884911597003451,-1.11117462972972
"132","T3","Yavneel Far 4","Herbaceous and Dwarf Shrub Vegetation","Yavneel","Far",35.51007159,32.67908565,16/07/20,3000,0.644249786050035,25,-0.132351750097773,0.991202811863474,1861.570681,"Yavneel Far",95.986885,"Yavneel Far 16/07/20",1,0,1,0,0,0,4,-0.0339351206807064,-1.12004314272908
"133","T3","Yavneel Far 6","Herbaceous and Dwarf Shrub Vegetation","Yavneel","Far",35.51147841,32.67779568,16/07/20,3000,0.644249786050035,25,-0.132351750097773,0.991202811863474,2022.230502,"Yavneel Far",56.028878,"Yavneel Far 16/07/20",0,0,3,1,0,0,1,0.0957498952720106,-1.16278432249762
"134","T3","Yavneel Far 7","Herbaceous and Dwarf Shrub Vegetation","Yavneel","Far",35.51096141,32.67708564,16/07/20,3000,0.644249786050035,25,-0.132351750097773,0.991202811863474,2092.344653,"Yavneel Far",12.937537,"Yavneel Far 16/07/20",0,0,0,0,1,0,1,0.152346216208695,-1.20887708063114
"135","T3","Yavneel Far 8","Herbaceous and Dwarf Shrub Vegetation","Yavneel","Far",35.51019765,32.67735289,16/07/20,3000,0.644249786050035,25,-0.132351750097773,0.991202811863474,2053.830909,"Yavneel Far",26.717201,"Yavneel Far 16/07/20",0,0,1,0,0,0,1,0.121257824139349,-1.19413762938238
"136","T3","Yavneel Far 9","Herbaceous and Dwarf Shrub Vegetation","Yavneel","Far",35.51199909,32.67741187,16/07/20,3000,0.644249786050035,25,-0.132351750097773,0.991202811863474,2072.96974,"Yavneel Far",13.571493,"Yavneel Far 16/07/20",0,0,1,0,0,0,0,0.136706737178729,-1.20819896804756
"137","T4","Gamla Far 2 round 2","Herbaceous and Dwarf Shrub Vegetation","Gamla","Far",35.745624,32.918367,31/08/22,3776,1.26796209430306,71,0.951054653254375,-0.309022728166071,3855.274158,"Gamla Far",2790.443301,"Gamla Far 31/08/22",4,0,8,0,0,1,3,1.57538739449708,1.76208874274642
"138","T4","Gamla Far 3 round 2","Herbaceous and Dwarf Shrub Vegetation","Gamla","Far",35.744353,32.917687,31/08/22,3776,1.26796209430306,71,0.951054653254375,-0.309022728166071,3913.647517,"Gamla Far",2683.465692,"Gamla Far 31/08/22",0,0,5,0,0,3,0,1.62250651828303,1.64765988203078
"139","T4","Gamla Far 4 round 1","Herbaceous and Dwarf Shrub Vegetation","Gamla","Far",35.743611,32.917053,02/08/22,3747,1.24465325804103,42,-0.916521547915634,-0.399985314988351,3717.186096,"Gamla Far",2930.386978,"Gamla Far 02/08/22",0,0,2,0,0,0,5,1.46392235979279,1.91177983860432
"140","T4","Gamla Far 4 round 2","Herbaceous and Dwarf Shrub Vegetation","Gamla","Far",35.743611,32.917053,31/08/22,3776,1.26796209430306,71,0.951054653254375,-0.309022728166071,3975.969826,"Gamla Far",2596.971935,"Gamla Far 31/08/22",0,0,6,0,0,0,0,1.67281324454831,1.55514162363032
"141","T4","Gamla Far 5 round 1","Herbaceous and Dwarf Shrub Vegetation","Gamla","Far",35.74354,32.916323,02/08/22,3747,1.24465325804103,42,-0.916521547915634,-0.399985314988351,3986.054152,"Gamla Far",2539.600649,"Gamla Far 02/08/22",0,0,5,0,1,0,5,1.68095333813264,1.49377428745466
"142","T4","Gamla Far 5 round 2","Herbaceous and Dwarf Shrub Vegetation","Gamla","Far",35.74354,32.916323,31/08/22,3776,1.26796209430306,71,0.951054653254375,-0.309022728166071,4055.892066,"Gamla Far",2517.424072,"Gamla Far 31/08/22",0,0,4,0,0,0,0,1.73732667986066,1.47005305770945
"143","T4","Gamla Far 6 round 1","Herbaceous and Dwarf Shrub Vegetation","Gamla","Far",35.742833,32.91564,02/08/22,3747,1.24465325804103,42,-0.916521547915634,-0.399985314988351,4124.43621,"Gamla Far",2427.832042,"Gamla Far 02/08/22",1,0,7,0,0,1,4,1.79265568715555,1.37422072402828
"144","T4","Gamla Far 6 round 2","Herbaceous and Dwarf Shrub Vegetation","Gamla","Far",35.742833,32.915649,31/08/22,3776,1.26796209430306,71,0.951054653254375,-0.309022728166071,4124.43621,"Gamla Far",2427.832042,"Gamla Far 31/08/22",0,0,9,0,0,0,0,1.79265568715555,1.37422072402828
"145","T4","Gamla Far 7 round 1","Herbaceous and Dwarf Shrub Vegetation","Gamla","Far",35.741903,32.914983,02/08/22,3747,1.24465325804103,42,-0.916521547915634,-0.399985314988351,4192.183759,"Gamla Far",2335.604609,"Gamla Far 02/08/22",0,0,12,0,0,0,3,1.84734168094128,1.27556942509227
"146","T4","Gamla Far 8 round 1","Herbaceous and Dwarf Shrub Vegetation","Gamla","Far",35.741611,32.915809,02/08/22,3747,1.24465325804103,42,-0.916521547915634,-0.399985314988351,4099.171265,"Gamla Far",2419.462862,"Gamla Far 02/08/22",0,0,4,0,0,0,1,1.7722617593211,1.365268610203
"147","T4","Karei Deshe Far 2","Herbaceous and Dwarf Shrub Vegetation","Karei Deshe","Far",35.58077596,32.92441153,05/08/22,3750,1.24706451696469,45,0.850903524534118,0.52532198881773,498.107316,"Karei Deshe Far",848.866477,"Karei Deshe Far 05/08/22",4,0,0,0,0,0,1,-1.13452621520813,-0.314723648547664
"148","T4","Karei Deshe Far 3","Herbaceous and Dwarf Shrub Vegetation","Karei Deshe","Far",35.58112599,32.92518742,05/08/22,3750,1.24706451696469,45,0.850903524534118,0.52532198881773,438.292205,"Karei Deshe Far",914.983877,"Karei Deshe Far 05/08/22",49,0,0,2,0,1,0,-1.18280912487382,-0.24400101017312
"149","T4","Karei Deshe Far 4","Herbaceous and Dwarf Shrub Vegetation","Karei Deshe","Far",35.58258142,32.92551218,05/08/22,3750,1.24706451696469,45,0.850903524534118,0.52532198881773,500.615377,"Karei Deshe Far",909.069006,"Karei Deshe Far 05/08/22",31,0,0,0,0,14,1,-1.13250170199275,-0.250327866382909
"150","T4","Karei Deshe Far 5","Herbaceous and Dwarf Shrub Vegetation","Karei Deshe","Far",35.58379613,32.92471519,05/08/22,3750,1.24706451696469,45,0.850903524534118,0.52532198881773,644.352639,"Karei Deshe Far",797.240026,"Karei Deshe Far 05/08/22",6,0,12,1,0,1,0,-1.01647661868664,-0.369946007936178
"151","T4","Karei Deshe Far 6","Herbaceous and Dwarf Shrub Vegetation","Karei Deshe","Far",35.58356915,32.92400796,05/08/22,3750,1.24706451696469,45,0.850903524534118,0.52532198881773,683.267942,"Karei Deshe Far",724.524554,"Karei Deshe Far 05/08/22",0,0,1,7,0,0,1,-0.98506408717162,-0.447726290138598
"152","T4","Karei Deshe Far 7","Herbaceous and Dwarf Shrub Vegetation","Karei Deshe","Far",35.58340117,32.92339276,05/08/22,3750,1.24706451696469,45,0.850903524534118,0.52532198881773,724.583073,"Karei Deshe Far",662.147616,"Karei Deshe Far 05/08/22",0,0,0,0,0,0,1,-0.951714408393977,-0.514447934200302
"153","T4","Karei Deshe Far 8","Herbaceous and Dwarf Shrub Vegetation","Karei Deshe","Far",35.58345683,32.92261178,05/08/22,3750,1.24706451696469,45,0.850903524534118,0.52532198881773,797.090419,"Karei Deshe Far",577.220296,"Karei Deshe Far 05/08/22",0,0,3,0,0,0,0,-0.893186294369132,-0.605290649438336
"154","T4","Karei Deshe Far 9","Herbaceous and Dwarf Shrub Vegetation","Karei Deshe","Far",35.58325768,32.92184122,05/08/22,3750,1.24706451696469,45,0.850903524534118,0.52532198881773,858.812714,"Karei Deshe Far",499.660013,"Karei Deshe Far 05/08/22",1,0,0,0,0,0,0,-0.843363900930057,-0.688253195558364
"155","T4","Natur Far 1","Herbaceous and Dwarf Shrub Vegetation","Natur","Far",35.73840939,32.83987278,19/07/22,3733,1.23340071639729,28,0.270905788307869,-0.962605866313567,917.734362,"Natur Far",667.456261,"Natur Far 19/07/22",8,0,0,1,0,0,0,-0.795802196869399,-0.508769529111871
"156","T4","Natur Far 2","Herbaceous and Dwarf Shrub Vegetation","Natur","Far",35.7381928,32.84079645,19/07/22,3733,1.23340071639729,28,0.270905788307869,-0.962605866313567,815.132639,"Natur Far",740.735368,"Natur Far 19/07/22",3,0,0,2,0,0,2,-0.878622568516839,-0.430386353355255
"157","T4","Natur Far 3","Herbaceous and Dwarf Shrub Vegetation","Natur","Far",35.73773079,32.84156237,19/07/22,3733,1.23340071639729,28,0.270905788307869,-0.962605866313567,730.851502,"Natur Far",827.05674,"Natur Far 19/07/22",41,2,0,2,0,20,11,-0.946654516569104,-0.338052486991023
"158","T4","Natur Far 4","Herbaceous and Dwarf Shrub Vegetation","Natur","Far",35.73735628,32.84248068,19/07/22,3733,1.23340071639729,28,0.270905788307869,-0.962605866313567,631.90623,"Natur Far",920.565502,"Natur Far 19/07/22",1,0,0,0,0,1,2,-1.02652339167364,-0.238030611361048
"159","T4","Natur Far 5","Herbaceous and Dwarf Shrub Vegetation","Natur","Far",35.73699184,32.84381896,19/07/22,3733,1.23340071639729,28,0.270905788307869,-0.962605866313567,490.517925,"Natur Far",1049.988621,"Natur Far 19/07/22",27,0,1,1,0,0,5,-1.14065239091765,-0.0995928560599834
"160","T4","Natur Far 6","Herbaceous and Dwarf Shrub Vegetation","Natur","Far",35.73698446,32.84485555,19/07/22,3733,1.23340071639729,28,0.270905788307869,-0.962605866313567,378.988925,"Natur Far",1137.960045,"Natur Far 19/07/22",0,0,0,1,0,0,1,-1.23067888325509,-0.00549400754437793
"161","T4","Natur Far 7","Herbaceous and Dwarf Shrub Vegetation","Natur","Far",35.73720574,32.84572622,19/07/22,3733,1.23340071639729,28,0.270905788307869,-0.962605866313567,280.48763,"Natur Far",1202.866585,"Natur Far 19/07/22",0,0,1,0,0,0,0,-1.31018937899651,0.0639334314741388
"162","T4","Natur Far 8","Herbaceous and Dwarf Shrub Vegetation","Natur","Far",35.73704213,32.84663039,19/07/22,3733,1.23340071639729,28,0.270905788307869,-0.962605866313567,194.037243,"Natur Far",1294.630808,"Natur Far 19/07/22",2,0,0,3,0,0,1,-1.37997235116361,0.162089256702445
"163","T4","Natur Far 9","Herbaceous and Dwarf Shrub Vegetation","Natur","Far",35.73750213,32.84692784,19/07/22,3733,1.23340071639729,28,0.270905788307869,-0.962605866313567,145.434102,"Natur Far",1300.071145,"Natur Far 19/07/22",1,0,0,1,0,1,1,-1.41920493014138,0.16790852646028
"164","T4","Shaal Far 1","Herbaceous and Dwarf Shrub Vegetation","Shaal","Far",35.751803,33.08822413,19/07/22,3733,1.23340071639729,28,0.270905788307869,-0.962605866313567,360.520661,"Shaal Far",558.295736,"Shaal Far 19/07/22",2,0,5,0,1,0,6,-1.24558651290731,-0.625533351257787
"165","T4","Shaal Far 2","Herbaceous and Dwarf Shrub Vegetation","Shaal","Far",35.75087126,33.08840559,19/07/22,3733,1.23340071639729,28,0.270905788307869,-0.962605866313567,449.782007,"Shaal Far",634.70933,"Shaal Far 19/07/22",7,2,3,0,0,3,9,-1.17353452748918,-0.543797363826926
"166","T4","Shaal Far 3","Herbaceous and Dwarf Shrub Vegetation","Shaal","Far",35.74988253,33.08821767,19/07/22,3733,1.23340071639729,28,0.270905788307869,-0.962605866313567,536.012014,"Shaal Far",687.560287,"Shaal Far 19/07/22",14,14,19,0,0,1,2,-1.10392944661835,-0.48726520860516
"167","T4","Shaal Far 4","Herbaceous and Dwarf Shrub Vegetation","Shaal","Far",35.74962538,33.08715163,19/07/22,3733,1.23340071639729,28,0.270905788307869,-0.962605866313567,546.024221,"Shaal Far",636.331162,"Shaal Far 19/07/22",0,0,0,0,0,0,1,-1.09584756767416,-0.542062567267469
"168","T4","Shaal Far 5","Herbaceous and Dwarf Shrub Vegetation","Shaal","Far",35.74929245,33.08630974,19/07/22,3733,1.23340071639729,28,0.270905788307869,-0.962605866313567,582.818999,"Shaal Far",620.952745,"Shaal Far 19/07/22",3,0,0,0,0,0,0,-1.0661467293301,-0.558512128566974
"169","T4","Shaal Far 6","Herbaceous and Dwarf Shrub Vegetation","Shaal","Far",35.74986577,33.08571674,19/07/22,3733,1.23340071639729,28,0.270905788307869,-0.962605866313567,535.56305,"Shaal Far",547.403346,"Shaal Far 19/07/22",3,3,1,0,0,1,1,-1.10429185150054,-0.637184422821468
"170","T4","Shaal Far 7","Herbaceous and Dwarf Shrub Vegetation","Shaal","Far",35.74985035,33.08481219,19/07/22,3733,1.23340071639729,28,0.270905788307869,-0.962605866313567,546.219149,"Shaal Far",525.160139,"Shaal Far 19/07/22",3,1,6,0,0,3,2,-1.095690221297,-0.660976923508899
"171","T4","Shaal Far 8","Herbaceous and Dwarf Shrub Vegetation","Shaal","Far",35.74913453,33.08462257,19/07/22,3733,1.23340071639729,28,0.270905788307869,-0.962605866313567,614.703996,"Shaal Far",587.788266,"Shaal Far 19/07/22",5,2,2,0,0,0,8,-1.04040907869126,-0.593986594519918
"172","T4","Shaal Far 9","Herbaceous and Dwarf Shrub Vegetation","Shaal","Far",35.74830204,33.08442003,19/07/22,3733,1.23340071639729,28,0.270905788307869,-0.962605866313567,694.167937,"Shaal Far",662.524455,"Shaal Far 19/07/22",0,0,0,2,0,0,3,-0.97626558349683,-0.514044847443678
"173","T4","Yavneel Far 1","Herbaceous and Dwarf Shrub Vegetation","Yavneel","Far",35.509687,32.679954,16/08/22,3761,1.25590579968477,56,-0.521551002086912,0.853220107722584,1548.348159,"Yavneel Far",94.468926,"Yavneel Far 16/08/22",0,0,1,0,0,27,0,-0.286769136737031,-1.12166683128042
"174","T4","Yavneel Far 2","Herbaceous and Dwarf Shrub Vegetation","Yavneel","Far",35.509952,32.67916,16/08/22,3761,1.25590579968477,56,-0.521551002086912,0.853220107722584,1638.927167,"Yavneel Far",89.338283,"Yavneel Far 16/08/22",0,0,1,0,0,9,0,-0.213653531202644,-1.12715483609485
"175","T4","Yavneel Far 3","Herbaceous and Dwarf Shrub Vegetation","Yavneel","Far",35.510685,32.678735,16/08/22,3761,1.25590579968477,56,-0.521551002086912,0.853220107722584,1702.848117,"Yavneel Far",132.904803,"Yavneel Far 16/08/22",2,0,11,1,0,1,4,-0.162056377857982,-1.08055380158355
"176","T4","Yavneel Far 4","Herbaceous and Dwarf Shrub Vegetation","Yavneel","Far",35.511521,32.677803,16/08/22,3761,1.25590579968477,56,-0.521551002086912,0.853220107722584,1824.099175,"Yavneel Far",54.88829,"Yavneel Far 16/08/22",2,0,14,1,0,1,10,-0.0641822155867956,-1.16400435523724
"177","T4","Yavneel Far 5","Herbaceous and Dwarf Shrub Vegetation","Yavneel","Far",35.512414,32.677343,16/08/22,3761,1.25590579968477,56,-0.521551002086912,0.853220107722584,1898.646567,"Yavneel Far",42.111548,"Yavneel Far 16/08/22",0,2,0,0,0,3,2,-0.00400737124439195,-1.17767102851947
"178","T4","Yavneel Far 6","Herbaceous and Dwarf Shrub Vegetation","Yavneel","Far",35.513409,32.677126,16/08/22,3761,1.25590579968477,56,-0.521551002086912,0.853220107722584,1953.636202,"Yavneel Far",37.680384,"Yavneel Far 16/08/22",0,0,0,0,0,6,1,0.0403804019264065,-1.18241083391337
"179","T4","Yavneel Far 7","Herbaceous and Dwarf Shrub Vegetation","Yavneel","Far",35.51013,32.677337,16/08/22,3761,1.25590579968477,56,-0.521551002086912,0.853220107722584,1840.41297,"Yavneel Far",20.536224,"Yavneel Far 16/08/22",5,0,0,0,0,4,2,-0.0510136787886353,-1.20074912652492
"180","T4","Yavneel Far 8","Herbaceous and Dwarf Shrub Vegetation","Yavneel","Far",35.511465,32.677317,16/08/22,3761,1.25590579968477,56,-0.521551002086912,0.853220107722584,1874.196334,"Yavneel Far",18.735593,"Yavneel Far 16/08/22",0,0,0,0,0,11,1,-0.0237436614812188,-1.20267517587137
"181","T4","Yavneel Far 9","Herbaceous and Dwarf Shrub Vegetation","Yavneel","Far",35.509742,32.678195,16/08/22,3761,1.25590579968477,56,-0.521551002086912,0.853220107722584,1739.721973,"Yavneel Far",27.693305,"Yavneel Far 16/08/22",0,0,0,0,0,3,0,-0.132291707551284,-1.19309353735505
