"","V1"
"1",-1.22396243219897
"2",-1.22396243219897
"3",-1.22396243219897
"4",-1.22396243219897
"5",-1.22396243219897
"6",-1.22396243219897
"7",-1.22396243219897
"8",-1.22396243219897
"9",-1.24210766587823
"10",-1.24210766587823
"11",-1.24210766587823
"12",-1.24210766587823
"13",-1.24210766587823
"14",-1.24210766587823
"15",-1.24210766587823
"16",-1.24210766587823
"17",-1.24210766587823
"18",-1.2386514308917
"19",-1.2386514308917
"20",-1.24210766587823
"21",-1.24210766587823
"22",-1.24210766587823
"23",-1.24210766587823
"24",-1.24210766587823
"25",-1.24210766587823
"26",-1.24729201835802
"27",-1.24729201835802
"28",-1.22396243219897
"29",-1.22396243219897
"30",-1.22396243219897
"31",-1.22396243219897
"32",-1.22396243219897
"33",-1.22396243219897
"34",-1.22396243219897
"35",-1.22396243219897
"36",-1.22396243219897
"37",-0.492104673802061
"38",-0.492104673802061
"39",-0.492104673802061
"40",-0.492104673802061
"41",-0.492104673802061
"42",-0.492104673802061
"43",-0.492104673802061
"44",-0.492104673802061
"45",-0.492104673802061
"46",-0.492104673802061
"47",-0.492104673802061
"48",-0.492104673802061
"49",-0.492104673802061
"50",-0.492104673802061
"51",-0.512842083721218
"52",-0.512842083721218
"53",-0.512842083721218
"54",-0.512842083721218
"55",-0.512842083721218
"56",-0.512842083721218
"57",-0.512842083721218
"58",-0.512842083721218
"59",-0.512842083721218
"60",-0.512842083721218
"61",-0.512842083721218
"62",-0.512842083721218
"63",-0.456678265190168
"64",-0.456678265190168
"65",-0.456678265190168
"66",-0.456678265190168
"67",-0.456678265190168
"68",-0.456678265190168
"69",-0.456678265190168
"70",-0.456678265190168
"71",-0.456678265190168
"72",-0.456678265190168
"73",-0.456678265190168
"74",-0.456678265190168
"75",-0.456678265190168
"76",-0.456678265190168
"77",-0.456678265190168
"78",-0.456678265190168
"79",-0.456678265190168
"80",-0.536171669880269
"81",-0.536171669880269
"82",-0.536171669880269
"83",-0.536171669880269
"84",-0.536171669880269
"85",-0.536171669880269
"86",-0.536171669880269
"87",-0.536171669880269
"88",-0.536171669880269
"89",-0.536171669880269
"90",-0.536171669880269
"91",-0.536171669880269
"92",-0.43507679652438
"93",-0.43507679652438
"94",-0.43507679652438
"95",-0.43507679652438
"96",-0.43507679652438
"97",-0.43507679652438
"98",-0.43507679652438
"99",-0.43507679652438
"100",-0.43507679652438
"101",-0.43507679652438
"102",-0.43507679652438
"103",-0.43507679652438
"104",-0.43507679652438
"105",0.139522269985587
"106",0.139522269985587
"107",0.139522269985587
"108",0.139522269985587
"109",0.139522269985587
"110",0.139522269985587
"111",0.139522269985587
"112",0.139522269985587
"113",0.139522269985587
"114",0.139522269985587
"115",0.139522269985587
"116",0.139522269985587
"117",0.139522269985587
"118",0.257898318274107
"119",0.257898318274107
"120",0.257898318274107
"121",0.257898318274107
"122",0.257898318274107
"123",0.257898318274107
"124",0.257898318274107
"125",0.257898318274107
"126",0.257898318274107
"127",0.257898318274107
"128",0.257898318274107
"129",0.257898318274107
"130",0.257898318274107
"131",0.257898318274107
"132",0.257898318274107
"133",0.117056742573167
"134",0.117056742573167
"135",0.117056742573167
"136",0.117056742573167
"137",0.117056742573167
"138",0.117056742573167
"139",0.117056742573167
"140",0.117056742573167
"141",0.117056742573167
"142",0.117056742573167
"143",0.138658211238956
"144",0.138658211238956
"145",0.138658211238956
"146",0.138658211238956
"147",0.138658211238956
"148",0.138658211238956
"149",0.138658211238956
"150",0.138658211238956
"151",0.138658211238956
"152",0.138658211238956
"153",0.138658211238956
"154",0.138658211238956
"155",0.138658211238956
"156",0.138658211238956
"157",0.138658211238956
"158",0.138658211238956
"159",0.117056742573167
"160",0.117056742573167
"161",0.117056742573167
"162",0.117056742573167
"163",0.117056742573167
"164",0.117056742573167
"165",0.117056742573167
"166",0.117056742573167
"167",0.117056742573167
"168",0.750411803854079
"169",0.750411803854079
"170",0.750411803854079
"171",0.750411803854079
"172",0.750411803854079
"173",0.750411803854079
"174",0.760780508813657
"175",0.760780508813657
"176",0.760780508813657
"177",0.760780508813657
"178",0.760780508813657
"179",0.760780508813657
"180",0.760780508813657
"181",0.760780508813657
"182",0.760780508813657
"183",0.760780508813657
"184",0.760780508813657
"185",0.760780508813657
"186",0.759916450067026
"187",0.759916450067026
"188",0.759916450067026
"189",0.759916450067026
"190",0.759916450067026
"191",0.759916450067026
"192",0.759916450067026
"193",0.759916450067026
"194",0.769421096279972
"195",0.769421096279972
"196",0.769421096279972
"197",0.769421096279972
"198",0.769421096279972
"199",0.769421096279972
"200",0.769421096279972
"201",0.769421096279972
"202",0.769421096279972
"203",0.769421096279972
"204",0.769421096279972
"205",0.769421096279972
"206",0.769421096279972
"207",0.769421096279972
"208",0.75127586260071
"209",0.75127586260071
"210",0.75127586260071
"211",0.75127586260071
"212",0.75127586260071
"213",0.75127586260071
"214",0.75127586260071
"215",0.75127586260071
"216",0.75127586260071
"217",0.75127586260071
"218",0.75127586260071
"219",0.75127586260071
"220",0.75127586260071
"221",0.75127586260071
"222",0.75127586260071
"223",1.33019522284384
"224",1.33019522284384
"225",1.33019522284384
"226",1.33019522284384
"227",1.33019522284384
"228",1.33019522284384
"229",1.33019522284384
"230",1.33019522284384
"231",1.33019522284384
"232",1.33019522284384
"233",1.33019522284384
"234",1.33019522284384
"235",1.33019522284384
"236",1.33019522284384
"237",1.33019522284384
"238",1.33019522284384
"239",1.33019522284384
"240",1.33019522284384
"241",1.36389351396247
"242",1.36389351396247
"243",1.36389351396247
"244",1.36389351396247
"245",1.36389351396247
"246",1.36389351396247
"247",1.36389351396247
"248",1.36389351396247
"249",1.36389351396247
"250",1.36389351396247
"251",1.36389351396247
"252",1.36389351396247
"253",1.36389351396247
"254",1.36389351396247
"255",1.36389351396247
"256",1.36389351396247
"257",1.35093263276299
"258",1.35093263276299
"259",1.35093263276299
"260",1.35093263276299
"261",1.35093263276299
"262",1.35093263276299
"263",1.35093263276299
"264",1.35093263276299
"265",1.35093263276299
"266",1.35093263276299
"267",1.35093263276299
"268",1.35093263276299
"269",1.35093263276299
"270",1.35093263276299
"271",1.37512627766867
"272",1.37512627766867
"273",1.37512627766867
"274",1.37512627766867
"275",1.37512627766867
"276",1.37512627766867
"277",1.37512627766867
"278",1.37512627766867
"279",1.37512627766867
"280",1.37512627766867
"281",1.37512627766867
"282",1.37512627766867
"283",1.37512627766867
"284",1.37512627766867
"285",1.37512627766867
"286",1.37512627766867
"287",1.34056392780341
"288",1.34056392780341
"289",1.34056392780341
"290",1.34056392780341
"291",1.34056392780341
"292",1.34056392780341
"293",1.34056392780341
"294",1.34056392780341
"295",1.34056392780341
"296",1.34056392780341
"297",1.34056392780341
"298",1.34056392780341
"299",1.34056392780341
"300",1.34056392780341
"301",1.34056392780341
"302",1.34056392780341
"303",1.34056392780341
"304",-1.21272966849276
"305",-1.21272966849276
"306",-1.21272966849276
"307",-1.21272966849276
"308",-1.21272966849276
"309",-1.21272966849276
"310",-1.21272966849276
"311",-1.21272966849276
"312",-1.21272966849276
"313",-1.20322502227981
"314",-1.20322502227981
"315",-1.20322502227981
"316",-1.20322502227981
"317",-1.20322502227981
"318",-1.20322502227981
"319",-1.20322502227981
"320",-1.20322502227981
"321",-1.21272966849276
"322",-1.21272966849276
"323",-1.21272966849276
"324",-1.21272966849276
"325",-1.21272966849276
"326",-1.21272966849276
"327",-1.21272966849276
"328",-1.21359372723939
"329",-1.21359372723939
"330",-1.21359372723939
"331",-1.21359372723939
"332",-1.21359372723939
"333",-1.21359372723939
"334",-1.19458443481349
"335",-1.19458443481349
"336",-1.19458443481349
"337",-1.19458443481349
"338",-1.19458443481349
"339",-1.19458443481349
"340",-1.19458443481349
"341",-1.19458443481349
"342",-0.572462137238793
"343",-0.572462137238793
"344",-0.572462137238793
"345",-0.572462137238793
"346",-0.572462137238793
"347",-0.572462137238793
"348",-0.582830842198372
"349",-0.582830842198372
"350",-0.582830842198372
"351",-0.582830842198372
"352",-0.582830842198372
"353",-0.572462137238793
"354",-0.572462137238793
"355",-0.572462137238793
"356",-0.572462137238793
"357",-0.572462137238793
"358",-0.572462137238793
"359",-0.573326195985425
"360",-0.573326195985425
"361",-0.573326195985425
"362",-0.573326195985425
"363",-0.573326195985425
"364",-0.573326195985425
"365",-0.573326195985425
"366",-0.573326195985425
"367",-0.582830842198372
"368",-0.582830842198372
"369",-0.582830842198372
"370",0.142114446225482
"371",0.142114446225482
"372",0.142114446225482
"373",0.142114446225482
"374",0.142114446225482
"375",0.142114446225482
"376",0.142114446225482
"377",0.142114446225482
"378",0.117920801319799
"379",0.117920801319799
"380",0.117920801319799
"381",0.142114446225482
"382",0.142114446225482
"383",0.142114446225482
"384",0.142114446225482
"385",0.142114446225482
"386",0.142114446225482
"387",0.142114446225482
"388",0.142114446225482
"389",0.142114446225482
"390",0.142114446225482
"391",0.142114446225482
"392",0.142114446225482
"393",0.117920801319799
"394",0.117920801319799
"395",0.117920801319799
"396",0.117920801319799
"397",0.117920801319799
"398",0.117920801319799
"399",0.117920801319799
"400",0.117920801319799
"401",0.117920801319799
"402",0.685607397856714
"403",0.685607397856714
"404",0.685607397856714
"405",0.685607397856714
"406",0.685607397856714
"407",0.685607397856714
"408",0.661413752951031
"409",0.661413752951031
"410",0.661413752951031
"411",0.661413752951031
"412",0.661413752951031
"413",0.661413752951031
"414",0.661413752951031
"415",0.661413752951031
"416",0.661413752951031
"417",0.699432337802819
"418",0.699432337802819
"419",0.699432337802819
"420",0.699432337802819
"421",0.699432337802819
"422",0.699432337802819
"423",0.699432337802819
"424",0.699432337802819
"425",0.699432337802819
"426",0.685607397856714
"427",0.685607397856714
"428",0.685607397856714
"429",0.685607397856714
"430",0.685607397856714
"431",0.685607397856714
"432",0.699432337802819
"433",0.699432337802819
"434",0.699432337802819
"435",0.699432337802819
"436",0.699432337802819
"437",0.699432337802819
"438",0.699432337802819
"439",0.699432337802819
"440",1.36994192518889
"441",1.36994192518889
"442",1.34488422153657
"443",1.36994192518889
"444",1.34488422153657
"445",1.36994192518889
"446",1.34488422153657
"447",1.36994192518889
"448",1.34488422153657
"449",1.34488422153657
"450",1.34747639777647
"451",1.34747639777647
"452",1.34747639777647
"453",1.34747639777647
"454",1.34747639777647
"455",1.34747639777647
"456",1.34747639777647
"457",1.34747639777647
"458",1.33278739908373
"459",1.33278739908373
"460",1.33278739908373
"461",1.33278739908373
"462",1.33278739908373
"463",1.33278739908373
"464",1.33278739908373
"465",1.33278739908373
"466",1.33278739908373
"467",1.33278739908373
"468",1.33278739908373
"469",1.33278739908373
"470",1.33278739908373
"471",1.33278739908373
"472",1.33278739908373
"473",1.33278739908373
"474",1.33278739908373
"475",1.33278739908373
"476",1.35698104398941
"477",1.35698104398941
"478",1.35698104398941
"479",1.35698104398941
"480",1.35698104398941
"481",1.35698104398941
"482",1.35698104398941
"483",1.35698104398941
"484",1.35698104398941
"485",-0.19227628872092
"486",-0.19227628872092
"487",-0.19227628872092
"488",-0.19227628872092
"489",-0.0739002404324006
"490",-0.0739002404324006
"491",-0.0739002404324006
"492",-0.0739002404324006
"493",-0.0739002404324006
"494",-0.0739002404324006
"495",-0.0739002404324006
"496",-0.0739002404324006
"497",-0.0739002404324006
"498",-0.0739002404324006
"499",-0.0739002404324006
"500",-0.0652596529660853
"501",-0.0652596529660853
"502",-0.193140347467552
"503",-0.193140347467552
"504",-0.193140347467552
"505",-0.193140347467552
"506",-0.193140347467552
"507",-0.193140347467552
"508",-0.193140347467552
"509",-0.180179466268079
"510",-0.180179466268079
"511",-0.180179466268079
"512",-0.180179466268079
"513",-0.180179466268079
"514",-0.180179466268079
"515",-0.180179466268079
"516",-0.180179466268079
"517",-0.180179466268079
"518",-0.180179466268079
"519",-0.180179466268079
"520",0.701160455296082
"521",0.701160455296082
"522",0.718441630228712
"523",0.718441630228712
"524",0.718441630228712
"525",0.718441630228712
"526",0.718441630228712
"527",0.718441630228712
"528",0.718441630228712
"529",0.718441630228712
"530",0.701160455296082
"531",0.701160455296082
"532",0.701160455296082
"533",0.701160455296082
"534",0.701160455296082
"535",0.678694927883662
"536",0.678694927883662
"537",0.678694927883662
"538",0.678694927883662
"539",0.678694927883662
"540",0.678694927883662
"541",0.678694927883662
"542",0.678694927883662
"543",0.678694927883662
"544",0.718441630228712
"545",0.718441630228712
"546",0.718441630228712
"547",0.718441630228712
"548",0.718441630228712
"549",0.718441630228712
"550",0.718441630228712
"551",0.701160455296082
"552",0.701160455296082
"553",0.701160455296082
"554",0.701160455296082
"555",0.701160455296082
"556",0.701160455296082
"557",1.14269447482479
"558",1.14269447482479
"559",1.14269447482479
"560",1.14269447482479
"561",1.14269447482479
"562",1.14269447482479
"563",1.14269447482479
"564",1.14269447482479
"565",1.14269447482479
"566",1.14269447482479
"567",1.14269447482479
"568",1.14269447482479
"569",1.14269447482479
"570",1.14269447482479
"571",1.14269447482479
"572",1.14269447482479
"573",1.14269447482479
"574",1.14269447482479
"575",1.14269447482479
"576",1.14269447482479
"577",1.12800547613206
"578",1.12800547613206
"579",1.12800547613206
"580",1.12800547613206
"581",1.12800547613206
"582",1.12800547613206
"583",1.12800547613206
"584",1.12800547613206
"585",1.12800547613206
"586",1.12800547613206
"587",1.12800547613206
"588",1.12800547613206
"589",1.12800547613206
"590",1.15479129727763
"591",1.15479129727763
"592",1.15479129727763
"593",1.15479129727763
"594",1.15479129727763
"595",1.12800547613206
"596",1.12800547613206
"597",1.12800547613206
"598",1.12800547613206
"599",1.12800547613206
"600",1.12800547613206
"601",-1.19717661105339
"602",-1.19717661105339
"603",-1.19717661105339
"604",-1.19717661105339
"605",-1.19717661105339
"606",-1.19717661105339
"607",-1.19717661105339
"608",-1.19717661105339
"609",-1.19717661105339
"610",-1.19372037606686
"611",-1.19372037606686
"612",-1.19372037606686
"613",-1.19372037606686
"614",-1.19372037606686
"615",-1.19372037606686
"616",-1.18248761236065
"617",-1.18248761236065
"618",-1.18248761236065
"619",-1.18248761236065
"620",-1.18248761236065
"621",-1.18162355361402
"622",-1.18162355361402
"623",-1.18162355361402
"624",-1.18162355361402
"625",-1.18162355361402
"626",-1.18162355361402
"627",-1.1781673186275
"628",-1.1781673186275
"629",-1.1781673186275
"630",-0.415203445351855
"631",-0.415203445351855
"632",-0.415203445351855
"633",-0.415203445351855
"634",-0.415203445351855
"635",-0.415203445351855
"636",-0.415203445351855
"637",-0.415203445351855
"638",-0.415203445351855
"639",-0.415203445351855
"640",-0.415203445351855
"641",-0.415203445351855
"642",-0.415203445351855
"643",-0.415203445351855
"644",-0.415203445351855
"645",-0.415203445351855
"646",-0.425572150311433
"647",-0.425572150311433
"648",-0.425572150311433
"649",-0.425572150311433
"650",-0.425572150311433
"651",-0.425572150311433
"652",-0.425572150311433
"653",-0.425572150311433
"654",-0.425572150311433
"655",-0.425572150311433
"656",-0.453222030203642
"657",-0.453222030203642
"658",-0.453222030203642
"659",-0.453222030203642
"660",-0.453222030203642
"661",-0.453222030203642
"662",-0.453222030203642
"663",-0.453222030203642
"664",-0.453222030203642
"665",-0.453222030203642
"666",-0.453222030203642
"667",-0.453222030203642
"668",-0.453222030203642
"669",-0.466182911403115
"670",-0.466182911403115
"671",-0.466182911403115
"672",-0.466182911403115
"673",-0.466182911403115
"674",-0.466182911403115
"675",-0.466182911403115
"676",-0.466182911403115
"677",-0.466182911403115
"678",-0.466182911403115
"679",-0.441989266497432
"680",-0.441989266497432
"681",-0.441989266497432
"682",-0.441989266497432
"683",-0.441989266497432
"684",-0.441989266497432
"685",-0.441989266497432
"686",-0.441989266497432
"687",-0.441989266497432
"688",-0.441989266497432
"689",-0.441989266497432
"690",-0.441989266497432
"691",-0.441989266497432
"692",-0.441989266497432
"693",-0.441989266497432
"694",-0.441989266497432
"695",-0.441989266497432
"696",-0.441989266497432
"697",0.177540854837375
"698",0.177540854837375
"699",0.177540854837375
"700",0.177540854837375
"701",0.177540854837375
"702",0.177540854837375
"703",0.177540854837375
"704",0.177540854837375
"705",0.177540854837375
"706",0.177540854837375
"707",0.177540854837375
"708",0.180997089823901
"709",0.180997089823901
"710",0.180997089823901
"711",0.180997089823901
"712",0.180997089823901
"713",0.180997089823901
"714",0.180997089823901
"715",0.180997089823901
"716",0.180997089823901
"717",0.180997089823901
"718",0.180997089823901
"719",0.180997089823901
"720",0.159395621158112
"721",0.159395621158112
"722",0.159395621158112
"723",0.159395621158112
"724",0.159395621158112
"725",0.159395621158112
"726",0.159395621158112
"727",0.159395621158112
"728",0.159395621158112
"729",0.159395621158112
"730",0.159395621158112
"731",0.159395621158112
"732",0.159395621158112
"733",0.159395621158112
"734",0.193093912276742
"735",0.193093912276742
"736",0.193093912276742
"737",0.193093912276742
"738",0.193093912276742
"739",0.193093912276742
"740",0.193093912276742
"741",0.193093912276742
"742",0.193093912276742
"743",0.193093912276742
"744",0.193093912276742
"745",0.158531562411481
"746",0.158531562411481
"747",0.158531562411481
"748",0.158531562411481
"749",0.158531562411481
"750",0.158531562411481
"751",0.158531562411481
"752",0.158531562411481
"753",0.158531562411481
"754",0.158531562411481
"755",0.158531562411481
"756",0.158531562411481
"757",0.158531562411481
"758",0.158531562411481
"759",0.158531562411481
"760",0.158531562411481
"761",0.805711563638497
"762",0.805711563638497
"763",0.805711563638497
"764",0.805711563638497
"765",0.805711563638497
"766",0.805711563638497
"767",0.805711563638497
"768",0.805711563638497
"769",0.805711563638497
"770",0.805711563638497
"771",0.805711563638497
"772",0.805711563638497
"773",0.805711563638497
"774",0.805711563638497
"775",0.805711563638497
"776",0.805711563638497
"777",0.805711563638497
"778",0.805711563638497
"779",0.805711563638497
"780",0.805711563638497
"781",0.805711563638497
"782",0.805711563638497
"783",0.805711563638497
"784",0.805711563638497
"785",0.805711563638497
"786",0.805711563638497
"787",0.73399468766808
"788",0.73399468766808
"789",0.73399468766808
"790",0.73399468766808
"791",0.743499333881027
"792",0.743499333881027
"793",0.743499333881027
"794",0.743499333881027
"795",0.743499333881027
"796",0.743499333881027
"797",0.743499333881027
"798",0.723625982708501
"799",0.723625982708501
"800",0.723625982708501
"801",0.723625982708501
"802",0.723625982708501
"803",0.723625982708501
"804",1.44338691865257
"805",1.44338691865257
"806",1.44338691865257
"807",1.44338691865257
"808",1.44338691865257
"809",1.44338691865257
"810",1.44338691865257
"811",1.44338691865257
"812",1.44338691865257
"813",1.44338691865257
"814",1.44338691865257
"815",1.44338691865257
"816",1.44338691865257
"817",1.44338691865257
"818",1.44338691865257
"819",1.44338691865257
"820",1.44338691865257
"821",1.43388227243962
"822",1.43388227243962
"823",1.43388227243962
"824",1.43388227243962
"825",1.43388227243962
"826",1.43388227243962
"827",1.43388227243962
"828",1.43388227243962
"829",1.43388227243962
"830",1.43388227243962
"831",1.43388227243962
"832",1.43388227243962
"833",1.43388227243962
"834",1.43388227243962
"835",1.44597909489246
"836",1.44597909489246
"837",1.44597909489246
"838",1.44597909489246
"839",1.44597909489246
"840",1.44597909489246
"841",1.44597909489246
"842",1.44597909489246
"843",1.44597909489246
"844",1.44597909489246
"845",1.44597909489246
"846",1.44597909489246
"847",1.44597909489246
"848",1.44597909489246
"849",1.44597909489246
"850",1.52460844083593
"851",1.52460844083593
"852",1.52460844083593
"853",1.52460844083593
"854",1.52460844083593
"855",1.52460844083593
"856",1.52460844083593
"857",1.52460844083593
"858",1.52460844083593
"859",1.52460844083593
"860",1.52460844083593
"861",1.52460844083593
"862",1.52460844083593
"863",1.52460844083593
"864",1.52460844083593
"865",1.52460844083593
"866",1.52460844083593
"867",1.52288032334267
"868",1.52288032334267
"869",1.52288032334267
"870",1.52288032334267
"871",1.52288032334267
"872",1.52288032334267
"873",1.52288032334267
"874",1.52288032334267
"875",1.52288032334267
"876",1.52288032334267
"877",1.52288032334267
"878",1.52288032334267
"879",1.52288032334267
"880",1.52288032334267
"881",1.52288032334267
"882",-1.82448326110788
"883",-1.82448326110788
"884",-1.82448326110788
"885",-1.82448326110788
"886",-1.82448326110788
"887",-1.82448326110788
"888",-1.82448326110788
"889",-1.82448326110788
"890",-1.82448326110788
"891",-1.82448326110788
"892",-1.82448326110788
"893",-1.82448326110788
"894",-1.82448326110788
"895",-1.82448326110788
"896",-1.84954096476019
"897",-1.84954096476019
"898",-1.84954096476019
"899",-1.84954096476019
"900",-1.84954096476019
"901",-1.84954096476019
"902",-1.84954096476019
"903",-1.84954096476019
"904",-1.84954096476019
"905",-1.84954096476019
"906",-1.84954096476019
"907",-1.84954096476019
"908",-1.84954096476019
"909",-1.84954096476019
"910",-1.84954096476019
"911",-1.86250184595967
"912",-1.86250184595967
"913",-1.86250184595967
"914",-1.86250184595967
"915",-1.86250184595967
"916",-1.86250184595967
"917",-1.86250184595967
"918",-1.86250184595967
"919",-1.86250184595967
"920",-1.86250184595967
"921",-1.86250184595967
"922",-1.86250184595967
"923",-1.86250184595967
"924",-1.86250184595967
"925",-1.86250184595967
"926",-1.86250184595967
"927",-1.81238643865504
"928",-1.81238643865504
"929",-1.81238643865504
"930",-1.81238643865504
"931",-1.81238643865504
"932",-1.81238643865504
"933",-1.81238643865504
"934",-1.81238643865504
"935",-1.81238643865504
"936",-1.81238643865504
"937",-1.81238643865504
"938",-1.81238643865504
"939",-1.81238643865504
"940",-1.82534731985451
"941",-1.82534731985451
"942",-1.82534731985451
"943",-1.82534731985451
"944",-1.82534731985451
"945",-1.82534731985451
"946",-1.82534731985451
"947",-1.82534731985451
"948",-1.82534731985451
"949",-1.82534731985451
"950",-1.82534731985451
"951",-1.82534731985451
"952",-1.82534731985451
"953",-1.82534731985451
"954",-1.82534731985451
"955",-1.87287055091925
"956",-1.87287055091925
"957",-1.87287055091925
"958",-1.87287055091925
"959",-1.87287055091925
"960",-1.87287055091925
"961",-1.87287055091925
"962",-1.87287055091925
"963",-1.87287055091925
"964",-1.87287055091925
"965",-1.87287055091925
"966",-1.87287055091925
"967",-1.87287055091925
"968",-1.87287055091925
"969",-1.87287055091925
"970",-1.87287055091925
"971",-1.87287055091925
"972",-1.83830820105398
"973",-1.83830820105398
"974",-1.83830820105398
"975",-1.83830820105398
"976",-1.83830820105398
"977",-1.83830820105398
"978",-1.83830820105398
"979",-1.83830820105398
"980",-1.83830820105398
"981",-1.83830820105398
"982",-1.83830820105398
"983",-1.83830820105398
"984",-1.83830820105398
"985",-1.83830820105398
"986",-1.83830820105398
"987",-1.83830820105398
"988",-1.89274390209177
"989",-1.89274390209177
"990",-1.89274390209177
"991",-1.89274390209177
"992",-1.89274390209177
"993",-1.89274390209177
"994",-1.89274390209177
"995",-1.89274390209177
"996",-1.89274390209177
"997",-1.89274390209177
"998",-1.89274390209177
"999",-1.89274390209177
"1000",-1.89274390209177
"1001",-1.89274390209177
"1002",-1.89274390209177
"1003",-1.89274390209177
"1004",-1.89274390209177
"1005",-1.89274390209177
"1006",-1.81325049740167
"1007",-1.81325049740167
"1008",-1.81325049740167
"1009",-1.81325049740167
"1010",-1.81325049740167
"1011",-1.81325049740167
"1012",-1.81325049740167
"1013",-1.81325049740167
"1014",-1.81325049740167
"1015",-1.81325049740167
"1016",-1.81325049740167
"1017",-1.81325049740167
"1018",-1.89187984334514
"1019",-1.89187984334514
"1020",-1.89187984334514
"1021",-1.89187984334514
"1022",-1.89187984334514
"1023",-1.89187984334514
"1024",-1.89187984334514
"1025",-1.89187984334514
"1026",-1.89187984334514
"1027",-1.89187984334514
"1028",-1.89187984334514
"1029",-1.89187984334514
"1030",-1.89187984334514
"1031",-1.89187984334514
"1032",-1.89187984334514
"1033",-1.89187984334514
"1034",-1.80115367494883
"1035",-1.80115367494883
"1036",-1.80115367494883
"1037",-1.80115367494883
"1038",-1.80115367494883
"1039",-1.80115367494883
"1040",-1.80115367494883
"1041",-1.80115367494883
"1042",-1.80115367494883
"1043",-1.80115367494883
"1044",-1.80115367494883
"1045",-1.80115367494883
"1046",-1.80115367494883
"1047",-1.80115367494883
"1048",-1.80115367494883
"1049",-1.80115367494883
"1050",-1.80115367494883
"1051",-1.85040502350683
"1052",-1.85040502350683
"1053",-1.85040502350683
"1054",-1.85040502350683
"1055",-1.85040502350683
"1056",-1.85040502350683
"1057",-1.85040502350683
"1058",-1.85040502350683
"1059",-1.85040502350683
"1060",-1.85040502350683
"1061",-1.85040502350683
"1062",-1.85040502350683
"1063",-1.85040502350683
"1064",-1.85040502350683
"1065",-1.85040502350683
"1066",-1.85040502350683
"1067",-1.85040502350683
"1068",-1.85040502350683
"1069",-1.83744414230735
"1070",-1.83744414230735
"1071",-1.83744414230735
"1072",-1.83744414230735
"1073",-1.83744414230735
"1074",-1.83744414230735
"1075",-1.83744414230735
"1076",-1.83744414230735
"1077",-1.83744414230735
"1078",-1.83744414230735
"1079",-1.83744414230735
"1080",-1.83744414230735
"1081",-1.83744414230735
"1082",-1.83744414230735
"1083",-1.83744414230735
"1084",-1.83744414230735
"1085",-1.83744414230735
"1086",-1.83744414230735
"1087",-1.86163778721304
"1088",-1.86163778721304
"1089",-1.86163778721304
"1090",-1.86163778721304
"1091",-1.86163778721304
"1092",-1.86163778721304
"1093",-1.86163778721304
"1094",-1.86163778721304
"1095",-1.86163778721304
"1096",-1.86163778721304
"1097",-1.86163778721304
"1098",-1.86163778721304
"1099",-1.86163778721304
"1100",-1.86163778721304
"1101",-1.86163778721304
"1102",-1.86163778721304
"1103",-1.87373460966588
"1104",-1.87373460966588
"1105",-1.87373460966588
"1106",-1.87373460966588
"1107",-1.87373460966588
"1108",-1.87373460966588
"1109",-1.87373460966588
"1110",-1.87373460966588
"1111",-1.87373460966588
"1112",-1.87373460966588
"1113",-1.87373460966588
"1114",-1.87373460966588
"1115",-1.87373460966588
"1116",-1.87373460966588
"1117",-1.87373460966588
"1118",-1.87373460966588
"1119",-1.87373460966588
"1120",-1.87373460966588
"1121",-0.804893940082675
"1122",-0.804893940082675
"1123",-0.804893940082675
"1124",-0.804893940082675
"1125",-0.804893940082675
"1126",-0.804893940082675
"1127",-0.804893940082675
"1128",-0.804893940082675
"1129",-0.794525235123096
"1130",-0.794525235123096
"1131",-0.794525235123096
"1132",-0.794525235123096
"1133",-0.794525235123096
"1134",-0.794525235123096
"1135",-0.794525235123096
"1136",-0.794525235123096
"1137",-0.916357518398142
"1138",-0.916357518398142
"1139",-0.916357518398142
"1140",-0.916357518398142
"1141",-0.916357518398142
"1142",-0.916357518398142
"1143",-0.916357518398142
"1144",-0.916357518398142
"1145",-0.897348225972249
"1146",-0.897348225972249
"1147",-0.897348225972249
"1148",-0.897348225972249
"1149",-0.897348225972249
"1150",-0.897348225972249
"1151",-0.897348225972249
"1152",-0.897348225972249
"1153",-0.777244060190466
"1154",-0.777244060190466
"1155",-0.777244060190466
"1156",-0.777244060190466
"1157",-0.777244060190466
"1158",-0.777244060190466
"1159",-0.777244060190466
"1160",-0.777244060190466
"1161",-0.777244060190466
"1162",-0.778108118937097
"1163",-0.778108118937097
"1164",-0.778108118937097
"1165",-0.778108118937097
"1166",-0.778108118937097
"1167",-0.778108118937097
"1168",-0.778108118937097
"1169",-0.778108118937097
"1170",-0.778108118937097
"1171",-0.890435755999196
"1172",-0.890435755999196
"1173",-0.874882698559829
"1174",-0.874882698559829
"1175",-0.874882698559829
"1176",-0.839456289947936
"1177",-0.839456289947936
"1178",-0.839456289947936
"1179",-0.839456289947936
"1180",-0.839456289947936
"1181",-0.839456289947936
"1182",-0.839456289947936
"1183",-0.841184407441199
"1184",-0.841184407441199
"1185",-0.841184407441199
"1186",-0.841184407441199
"1187",-0.841184407441199
"1188",-0.841184407441199
"1189",-0.841184407441199
"1190",-0.841184407441199
"1191",-0.836864113708041
"1192",-0.836864113708041
"1193",-0.836864113708041
"1194",-0.836864113708041
"1195",-0.836864113708041
"1196",-0.836864113708041
"1197",-0.836864113708041
"1198",-0.836864113708041
"1199",-0.836864113708041
"1200",-0.836864113708041
"1201",-0.836864113708041
"1202",-0.836864113708041
"1203",-0.836864113708041
"1204",-0.836864113708041
"1205",-0.836864113708041
"1206",-0.836864113708041
"1207",-0.836864113708041
"1208",-0.929318399597615
"1209",-0.929318399597615
"1210",-0.929318399597615
"1211",-0.929318399597615
"1212",-0.929318399597615
"1213",-0.929318399597615
"1214",-0.929318399597615
"1215",-0.929318399597615
"1216",-0.929318399597615
"1217",-0.929318399597615
"1218",-0.929318399597615
"1219",-0.929318399597615
"1220",-0.929318399597615
"1221",-0.929318399597615
"1222",-0.929318399597615
"1223",-0.929318399597615
"1224",-0.929318399597615
"1225",-0.929318399597615
"1226",-0.881795168532881
"1227",-0.881795168532881
"1228",-0.881795168532881
"1229",-0.881795168532881
"1230",-0.881795168532881
"1231",-0.881795168532881
"1232",-0.881795168532881
"1233",-0.881795168532881
"1234",-0.881795168532881
"1235",-0.881795168532881
"1236",-0.881795168532881
"1237",-0.881795168532881
"1238",-0.881795168532881
"1239",-0.881795168532881
"1240",-0.881795168532881
"1241",-0.876610816053092
"1242",-0.876610816053092
"1243",-0.876610816053092
"1244",-0.892163873492459
"1245",-0.892163873492459
"1246",-0.892163873492459
"1247",-0.892163873492459
"1248",-0.892163873492459
"1249",-0.892163873492459
"1250",-0.822175115015305
"1251",-0.822175115015305
"1252",-0.822175115015305
"1253",-0.822175115015305
"1254",-0.822175115015305
"1255",-0.822175115015305
"1256",-0.822175115015305
"1257",-0.789340882643307
"1258",-0.789340882643307
"1259",-0.789340882643307
"1260",-0.789340882643307
"1261",-0.789340882643307
"1262",-0.789340882643307
"1263",-0.789340882643307
"1264",-0.789340882643307
"1265",-0.789340882643307
"1266",-0.828223526241726
"1267",-0.828223526241726
"1268",-0.828223526241726
"1269",-0.828223526241726
"1270",-0.828223526241726
"1271",-0.816990762535516
"1272",-0.816990762535516
"1273",-0.816990762535516
"1274",-0.816990762535516
"1275",-0.816990762535516
"1276",-0.816990762535516
"1277",-0.816990762535516
"1278",-0.917221577144774
"1279",-0.917221577144774
"1280",-0.917221577144774
"1281",-0.917221577144774
"1282",-0.917221577144774
"1283",-0.917221577144774
"1284",-0.917221577144774
"1285",-0.917221577144774
"1286",-0.917221577144774
"1287",-0.917221577144774
"1288",-0.917221577144774
"1289",-0.917221577144774
"1290",-0.917221577144774
"1291",-0.917221577144774
"1292",-0.917221577144774
"1293",-0.917221577144774
"1294",-0.917221577144774
"1295",-0.930182458344247
"1296",-0.930182458344247
"1297",-0.930182458344247
"1298",-0.930182458344247
"1299",-0.930182458344247
"1300",-0.930182458344247
"1301",-0.930182458344247
"1302",-0.930182458344247
"1303",-0.930182458344247
"1304",-0.930182458344247
"1305",-0.930182458344247
"1306",-0.930182458344247
"1307",-0.930182458344247
"1308",-0.894756049732354
"1309",-0.894756049732354
"1310",-0.894756049732354
"1311",-0.894756049732354
"1312",-0.894756049732354
"1313",-0.894756049732354
"1314",-0.894756049732354
"1315",-0.788476823896676
"1316",-0.788476823896676
"1317",-0.788476823896676
"1318",-0.788476823896676
"1319",-0.788476823896676
"1320",-0.788476823896676
"1321",-0.788476823896676
"1322",-0.788476823896676
"1323",-0.861921817360356
"1324",-0.861921817360356
"1325",-0.861921817360356
"1326",-0.861921817360356
"1327",-0.861921817360356
"1328",-0.861921817360356
"1329",-0.861921817360356
"1330",-0.861921817360356
"1331",-0.861921817360356
"1332",-0.861921817360356
"1333",-0.861921817360356
"1334",-0.861921817360356
"1335",-0.861921817360356
"1336",-0.861921817360356
"1337",-0.179315407521447
"1338",-0.179315407521447
"1339",-0.179315407521447
"1340",-0.179315407521447
"1341",-0.179315407521447
"1342",-0.179315407521447
"1343",-0.179315407521447
"1344",-0.179315407521447
"1345",-0.179315407521447
"1346",-0.179315407521447
"1347",-0.179315407521447
"1348",-0.179315407521447
"1349",-0.255352577225022
"1350",-0.255352577225022
"1351",-0.255352577225022
"1352",-0.255352577225022
"1353",-0.255352577225022
"1354",-0.255352577225022
"1355",-0.255352577225022
"1356",-0.255352577225022
"1357",-0.255352577225022
"1358",-0.255352577225022
"1359",-0.255352577225022
"1360",-0.255352577225022
"1361",-0.255352577225022
"1362",-0.255352577225022
"1363",-0.164626408828711
"1364",-0.164626408828711
"1365",-0.164626408828711
"1366",-0.164626408828711
"1367",-0.164626408828711
"1368",-0.164626408828711
"1369",-0.164626408828711
"1370",-0.164626408828711
"1371",-0.164626408828711
"1372",-0.164626408828711
"1373",-0.164626408828711
"1374",-0.164626408828711
"1375",-0.164626408828711
"1376",-0.164626408828711
"1377",-0.164626408828711
"1378",-0.164626408828711
"1379",-0.236343284799128
"1380",-0.236343284799128
"1381",-0.236343284799128
"1382",-0.236343284799128
"1383",-0.236343284799128
"1384",-0.236343284799128
"1385",-0.236343284799128
"1386",-0.236343284799128
"1387",-0.236343284799128
"1388",-0.236343284799128
"1389",-0.236343284799128
"1390",-0.213877757386708
"1391",-0.213877757386708
"1392",-0.213877757386708
"1393",-0.213877757386708
"1394",-0.213877757386708
"1395",-0.213877757386708
"1396",-0.213877757386708
"1397",-0.213877757386708
"1398",-0.213877757386708
"1399",-0.213877757386708
"1400",-0.164626408828711
"1401",-0.164626408828711
"1402",-0.164626408828711
"1403",-0.164626408828711
"1404",-0.164626408828711
"1405",-0.164626408828711
"1406",-0.164626408828711
"1407",-0.164626408828711
"1408",-0.164626408828711
"1409",-0.164626408828711
"1410",-0.164626408828711
"1411",-0.164626408828711
"1412",-0.164626408828711
"1413",-0.164626408828711
"1414",-0.164626408828711
"1415",-0.164626408828711
"1416",-0.164626408828711
"1417",-0.151665527629238
"1418",-0.151665527629238
"1419",-0.151665527629238
"1420",-0.151665527629238
"1421",-0.151665527629238
"1422",-0.151665527629238
"1423",-0.151665527629238
"1424",-0.151665527629238
"1425",-0.151665527629238
"1426",-0.151665527629238
"1427",-0.151665527629238
"1428",-0.151665527629238
"1429",-0.151665527629238
"1430",-0.151665527629238
"1431",-0.151665527629238
"1432",-0.225110521092918
"1433",-0.225110521092918
"1434",-0.225110521092918
"1435",-0.225110521092918
"1436",-0.225110521092918
"1437",-0.225110521092918
"1438",-0.225110521092918
"1439",-0.225110521092918
"1440",-0.225110521092918
"1441",-0.225110521092918
"1442",-0.183635701254605
"1443",-0.183635701254605
"1444",-0.183635701254605
"1445",-0.183635701254605
"1446",-0.183635701254605
"1447",-0.183635701254605
"1448",-0.183635701254605
"1449",-0.183635701254605
"1450",-0.183635701254605
"1451",-0.183635701254605
"1452",-0.183635701254605
"1453",-0.183635701254605
"1454",-0.183635701254605
"1455",-0.183635701254605
"1456",-0.183635701254605
"1457",-0.183635701254605
"1458",-0.269177517171126
"1459",-0.269177517171126
"1460",-0.269177517171126
"1461",-0.269177517171126
"1462",-0.269177517171126
"1463",-0.269177517171126
"1464",-0.269177517171126
"1465",-0.151665527629238
"1466",-0.151665527629238
"1467",-0.151665527629238
"1468",-0.151665527629238
"1469",-0.151665527629238
"1470",-0.151665527629238
"1471",-0.151665527629238
"1472",-0.151665527629238
"1473",-0.151665527629238
"1474",-0.151665527629238
"1475",-0.151665527629238
"1476",-0.151665527629238
"1477",-0.151665527629238
"1478",-0.151665527629238
"1479",-0.151665527629238
"1480",-0.151665527629238
"1481",-0.20350905242713
"1482",-0.20350905242713
"1483",-0.20350905242713
"1484",-0.20350905242713
"1485",-0.20350905242713
"1486",-0.20350905242713
"1487",-0.20350905242713
"1488",-0.20350905242713
"1489",-0.20350905242713
"1490",-0.20350905242713
"1491",-0.20350905242713
"1492",-0.273497810904284
"1493",-0.273497810904284
"1494",-0.273497810904284
"1495",-0.273497810904284
"1496",-0.273497810904284
"1497",-0.273497810904284
"1498",-0.273497810904284
"1499",-0.273497810904284
"1500",-0.273497810904284
"1501",-0.273497810904284
"1502",-0.273497810904284
"1503",-0.273497810904284
"1504",-0.302875808289756
"1505",-0.302875808289756
"1506",-0.302875808289756
"1507",-0.302875808289756
"1508",-0.302875808289756
"1509",-0.302875808289756
"1510",-0.302875808289756
"1511",-0.302875808289756
"1512",-0.302875808289756
"1513",-0.302875808289756
"1514",-0.302875808289756
"1515",-0.302875808289756
"1516",-0.302875808289756
"1517",-0.210421522400182
"1518",-0.210421522400182
"1519",-0.210421522400182
"1520",-0.210421522400182
"1521",-0.210421522400182
"1522",-0.210421522400182
"1523",-0.210421522400182
"1524",-0.210421522400182
"1525",-0.210421522400182
"1526",-0.210421522400182
"1527",-0.210421522400182
"1528",-0.210421522400182
"1529",-0.210421522400182
"1530",0.447991242533043
"1531",0.447991242533043
"1532",0.447991242533043
"1533",0.447991242533043
"1534",0.447991242533043
"1535",0.447991242533043
"1536",0.447991242533043
"1537",0.447991242533043
"1538",0.447991242533043
"1539",0.447991242533043
"1540",0.447991242533043
"1541",0.447991242533043
"1542",0.447991242533043
"1543",0.447991242533043
"1544",0.447991242533043
"1545",0.47996141615841
"1546",0.47996141615841
"1547",0.47996141615841
"1548",0.47996141615841
"1549",0.47996141615841
"1550",0.47996141615841
"1551",0.47996141615841
"1552",0.47996141615841
"1553",0.47996141615841
"1554",0.47996141615841
"1555",0.47996141615841
"1556",0.47996141615841
"1557",0.47996141615841
"1558",0.47996141615841
"1559",0.560318879595142
"1560",0.560318879595142
"1561",0.560318879595142
"1562",0.560318879595142
"1563",0.560318879595142
"1564",0.560318879595142
"1565",0.560318879595142
"1566",0.560318879595142
"1567",0.560318879595142
"1568",0.560318879595142
"1569",0.560318879595142
"1570",0.560318879595142
"1571",0.560318879595142
"1572",0.560318879595142
"1573",0.560318879595142
"1574",0.560318879595142
"1575",0.560318879595142
"1576",0.435894420080202
"1577",0.435894420080202
"1578",0.435894420080202
"1579",0.435894420080202
"1580",0.435894420080202
"1581",0.435894420080202
"1582",0.435894420080202
"1583",0.435894420080202
"1584",0.436758478826833
"1585",0.436758478826833
"1586",0.436758478826833
"1587",0.436758478826833
"1588",0.436758478826833
"1589",0.436758478826833
"1590",0.425525715120624
"1591",0.425525715120624
"1592",0.425525715120624
"1593",0.425525715120624
"1594",0.425525715120624
"1595",0.425525715120624
"1596",0.425525715120624
"1597",0.425525715120624
"1598",0.425525715120624
"1599",0.425525715120624
"1600",0.425525715120624
"1601",0.425525715120624
"1602",0.425525715120624
"1603",0.425525715120624
"1604",0.425525715120624
"1605",0.540445528422617
"1606",0.540445528422617
"1607",0.540445528422617
"1608",0.540445528422617
"1609",0.540445528422617
"1610",0.540445528422617
"1611",0.540445528422617
"1612",0.540445528422617
"1613",0.540445528422617
"1614",0.540445528422617
"1615",0.540445528422617
"1616",0.540445528422617
"1617",0.540445528422617
"1618",0.540445528422617
"1619",0.540445528422617
"1620",0.540445528422617
"1621",0.540445528422617
"1622",0.540445528422617
"1623",0.620802991859349
"1624",0.620802991859349
"1625",0.620802991859349
"1626",0.620802991859349
"1627",0.620802991859349
"1628",0.620802991859349
"1629",0.620802991859349
"1630",0.620802991859349
"1631",0.620802991859349
"1632",0.620802991859349
"1633",0.620802991859349
"1634",0.620802991859349
"1635",0.620802991859349
"1636",0.620802991859349
"1637",0.620802991859349
"1638",0.507611296050619
"1639",0.507611296050619
"1640",0.507611296050619
"1641",0.507611296050619
"1642",0.507611296050619
"1643",0.507611296050619
"1644",0.507611296050619
"1645",0.507611296050619
"1646",0.507611296050619
"1647",0.507611296050619
"1648",0.507611296050619
"1649",0.507611296050619
"1650",0.507611296050619
"1651",0.507611296050619
"1652",0.507611296050619
"1653",0.653637224231348
"1654",0.653637224231348
"1655",0.653637224231348
"1656",0.653637224231348
"1657",0.653637224231348
"1658",0.653637224231348
"1659",0.653637224231348
"1660",0.653637224231348
"1661",0.653637224231348
"1662",0.653637224231348
"1663",0.653637224231348
"1664",0.653637224231348
"1665",0.653637224231348
"1666",0.653637224231348
"1667",0.653637224231348
"1668",0.653637224231348
"1669",0.653637224231348
"1670",0.467864593705569
"1671",0.467864593705569
"1672",0.467864593705569
"1673",0.467864593705569
"1674",0.467864593705569
"1675",0.467864593705569
"1676",0.467864593705569
"1677",0.467864593705569
"1678",0.467864593705569
"1679",0.467864593705569
"1680",0.467864593705569
"1681",0.594017170713772
"1682",0.594017170713772
"1683",0.594017170713772
"1684",0.594017170713772
"1685",0.594017170713772
"1686",0.594017170713772
"1687",0.594017170713772
"1688",0.594017170713772
"1689",0.594017170713772
"1690",0.594017170713772
"1691",0.594017170713772
"1692",0.594017170713772
"1693",0.594017170713772
"1694",0.594017170713772
"1695",0.594017170713772
"1696",0.594017170713772
"1697",0.450583418772938
"1698",0.450583418772938
"1699",0.450583418772938
"1700",0.450583418772938
"1701",0.450583418772938
"1702",0.450583418772938
"1703",0.450583418772938
"1704",0.450583418772938
"1705",0.450583418772938
"1706",0.450583418772938
"1707",0.450583418772938
"1708",0.450583418772938
"1709",0.450583418772938
"1710",0.450583418772938
"1711",0.497242591091041
"1712",0.497242591091041
"1713",0.497242591091041
"1714",0.497242591091041
"1715",0.497242591091041
"1716",0.497242591091041
"1717",0.497242591091041
"1718",0.497242591091041
"1719",0.497242591091041
"1720",0.497242591091041
"1721",0.497242591091041
"1722",0.497242591091041
"1723",0.497242591091041
"1724",0.497242591091041
"1725",0.497242591091041
"1726",0.515387824770303
"1727",0.515387824770303
"1728",0.515387824770303
"1729",0.515387824770303
"1730",0.515387824770303
"1731",0.515387824770303
"1732",0.515387824770303
"1733",0.515387824770303
"1734",0.515387824770303
"1735",0.515387824770303
"1736",0.515387824770303
"1737",0.515387824770303
"1738",0.515387824770303
"1739",0.515387824770303
"1740",0.515387824770303
"1741",0.515387824770303
"1742",0.521436235996723
"1743",0.521436235996723
"1744",0.521436235996723
"1745",0.521436235996723
"1746",0.521436235996723
"1747",0.521436235996723
"1748",0.521436235996723
"1749",0.521436235996723
"1750",0.521436235996723
"1751",0.521436235996723
"1752",0.521436235996723
"1753",0.521436235996723
"1754",0.521436235996723
"1755",1.03641524898912
"1756",1.03641524898912
"1757",1.03641524898912
"1758",1.03641524898912
"1759",1.03641524898912
"1760",1.03641524898912
"1761",1.03641524898912
"1762",1.03641524898912
"1763",1.03641524898912
"1764",1.03641524898912
"1765",1.03641524898912
"1766",1.03641524898912
"1767",1.03641524898912
"1768",1.03641524898912
"1769",1.03641524898912
"1770",1.03641524898912
"1771",1.03641524898912
"1772",1.03382307274922
"1773",1.03382307274922
"1774",1.03382307274922
"1775",1.03382307274922
"1776",1.03382307274922
"1777",1.03382307274922
"1778",1.03382307274922
"1779",1.03382307274922
"1780",1.03382307274922
"1781",1.03382307274922
"1782",1.03382307274922
"1783",1.03382307274922
"1784",1.03382307274922
"1785",1.03382307274922
"1786",1.00617319285701
"1787",1.00617319285701
"1788",1.00617319285701
"1789",1.00617319285701
"1790",1.00617319285701
"1791",1.00617319285701
"1792",1.00617319285701
"1793",1.00617319285701
"1794",1.00617319285701
"1795",1.00617319285701
"1796",1.00617319285701
"1797",1.00617319285701
"1798",1.00617319285701
"1799",1.00617319285701
"1800",1.00617319285701
"1801",1.00617319285701
"1802",1.00617319285701
"1803",1.00617319285701
"1804",1.01049348659017
"1805",1.01049348659017
"1806",1.01049348659017
"1807",1.01049348659017
"1808",1.01049348659017
"1809",1.01049348659017
"1810",1.01049348659017
"1811",1.01049348659017
"1812",1.01049348659017
"1813",1.01049348659017
"1814",1.01049348659017
"1815",1.01049348659017
"1816",0.999260722883959
"1817",0.999260722883959
"1818",0.999260722883959
"1819",0.999260722883959
"1820",0.999260722883959
"1821",0.999260722883959
"1822",0.999260722883959
"1823",0.999260722883959
"1824",0.999260722883959
"1825",0.999260722883959
"1826",0.999260722883959
"1827",0.999260722883959
"1828",0.999260722883959
"1829",0.999260722883959
"1830",0.999260722883959
"1831",0.999260722883959
"1832",0.999260722883959
"1833",1.04246366021554
"1834",1.04246366021554
"1835",1.04246366021554
"1836",1.04246366021554
"1837",1.04246366021554
"1838",1.04246366021554
"1839",1.04246366021554
"1840",1.04246366021554
"1841",1.04246366021554
"1842",1.04246366021554
"1843",1.04246366021554
"1844",1.04246366021554
"1845",1.04246366021554
"1846",1.04246366021554
"1847",1.04246366021554
"1848",1.04246366021554
"1849",1.04246366021554
"1850",1.04246366021554
"1851",1.06233701138806
"1852",1.06233701138806
"1853",1.06233701138806
"1854",1.06233701138806
"1855",1.06233701138806
"1856",1.06233701138806
"1857",1.06233701138806
"1858",1.06233701138806
"1859",1.06233701138806
"1860",1.06233701138806
"1861",1.06233701138806
"1862",1.06233701138806
"1863",1.06233701138806
"1864",1.06233701138806
"1865",1.06233701138806
"1866",1.06233701138806
"1867",1.06233701138806
"1868",1.02172625029638
"1869",1.02172625029638
"1870",1.02172625029638
"1871",1.02172625029638
"1872",1.02172625029638
"1873",1.02172625029638
"1874",1.02172625029638
"1875",1.02172625029638
"1876",1.02086219154975
"1877",1.02086219154975
"1878",1.02086219154975
"1879",1.02086219154975
"1880",1.02086219154975
"1881",1.02086219154975
"1882",1.02086219154975
"1883",1.02086219154975
"1884",1.11504459493258
"1885",1.11504459493258
"1886",1.11504459493258
"1887",1.11504459493258
"1888",1.11504459493258
"1889",1.11504459493258
"1890",1.11504459493258
"1891",1.11504459493258
"1892",1.11504459493258
"1893",1.11504459493258
"1894",1.11504459493258
"1895",1.11504459493258
"1896",1.11504459493258
"1897",1.11504459493258
"1898",1.11504459493258
"1899",1.11504459493258
"1900",1.11504459493258
"1901",1.11504459493258
"1902",1.1236851823989
"1903",1.1236851823989
"1904",1.1236851823989
"1905",1.1236851823989
"1906",1.1236851823989
"1907",1.1236851823989
"1908",1.1236851823989
"1909",1.1236851823989
"1910",1.1236851823989
"1911",1.1236851823989
"1912",1.1236851823989
"1913",1.1236851823989
"1914",1.1236851823989
"1915",1.1236851823989
"1916",1.17552870719679
"1917",1.17552870719679
"1918",1.17552870719679
"1919",1.17552870719679
"1920",1.17552870719679
"1921",1.17552870719679
"1922",1.17552870719679
"1923",1.17552870719679
"1924",1.17552870719679
"1925",1.17552870719679
"1926",1.17552870719679
"1927",1.17552870719679
"1928",1.17552870719679
"1929",1.17552870719679
"1930",1.17552870719679
"1931",1.17552870719679
"1932",1.17552870719679
"1933",1.17552870719679
"1934",1.04764801269533
"1935",1.04764801269533
"1936",1.04764801269533
"1937",1.04764801269533
"1938",1.04764801269533
"1939",1.04764801269533
"1940",1.04764801269533
"1941",1.04764801269533
"1942",1.04764801269533
"1943",1.04764801269533
"1944",1.04764801269533
"1945",1.04764801269533
"1946",1.04764801269533
"1947",1.04764801269533
"1948",1.04764801269533
"1949",1.04764801269533
"1950",0.997532605390696
"1951",0.997532605390696
"1952",0.997532605390696
"1953",0.997532605390696
"1954",0.997532605390696
"1955",0.997532605390696
"1956",0.997532605390696
"1957",0.997532605390696
"1958",0.997532605390696
"1959",0.997532605390696
"1960",0.997532605390696
"1961",0.997532605390696
"1962",0.997532605390696
"1963",0.997532605390696
"1964",0.997532605390696
"1965",1.16343188474395
"1966",1.16343188474395
"1967",1.16343188474395
"1968",1.16343188474395
"1969",1.16343188474395
"1970",1.16343188474395
"1971",1.16343188474395
"1972",1.16343188474395
"1973",1.16343188474395
"1974",1.16343188474395
"1975",1.16343188474395
"1976",1.16343188474395
"1977",1.16343188474395
"1978",1.16343188474395
"1979",1.16343188474395
"1980",1.16343188474395
"1981",1.16343188474395
"1982",0.983707665444592
"1983",0.983707665444592
"1984",0.983707665444592
"1985",0.983707665444592
"1986",0.983707665444592
"1987",0.983707665444592
"1988",0.983707665444592
"1989",0.983707665444592
"1990",0.983707665444592
"1991",0.983707665444592
"1992",0.983707665444592
"1993",0.983707665444592
"1994",0.983707665444592
"1995",0.983707665444592
"1996",0.983707665444592
"1997",0.983707665444592
"1998",0.983707665444592
"1999",-1.20668125726634
"2000",-1.20668125726634
"2001",-1.20668125726634
"2002",-1.20668125726634
"2003",-1.20668125726634
"2004",-1.20668125726634
"2005",-1.20668125726634
"2006",-1.20668125726634
"2007",-1.21186560974613
"2008",-1.21186560974613
"2009",-1.21186560974613
"2010",-1.21186560974613
"2011",-1.21186560974613
"2012",-1.21791402097255
"2013",-1.21791402097255
"2014",-1.20927343350623
"2015",-1.20927343350623
"2016",-1.19631255230676
"2017",-1.19631255230676
"2018",-1.19631255230676
"2019",-1.19631255230676
"2020",-1.19631255230676
"2021",-1.19631255230676
"2022",-0.480871910095851
"2023",-0.480871910095851
"2024",-0.480871910095851
"2025",-0.480871910095851
"2026",-0.480871910095851
"2027",-0.480871910095851
"2028",-0.480871910095851
"2029",-0.480871910095851
"2030",-0.480871910095851
"2031",-0.505929613748165
"2032",-0.505929613748165
"2033",-0.505929613748165
"2034",-0.505929613748165
"2035",-0.505929613748165
"2036",-0.505929613748165
"2037",-0.505929613748165
"2038",-0.505929613748165
"2039",-0.505929613748165
"2040",-0.505929613748165
"2041",-0.582830842198372
"2042",-0.582830842198372
"2043",-0.582830842198372
"2044",-0.582830842198372
"2045",-0.582830842198372
"2046",-0.582830842198372
"2047",-0.582830842198372
"2048",-0.582830842198372
"2049",-0.582830842198372
"2050",-0.582830842198372
"2051",-0.582830842198372
"2052",-0.582830842198372
"2053",-0.582830842198372
"2054",-0.540491963613427
"2055",-0.540491963613427
"2056",-0.540491963613427
"2057",-0.540491963613427
"2058",-0.540491963613427
"2059",-0.540491963613427
"2060",-0.540491963613427
"2061",-0.540491963613427
"2062",-0.540491963613427
"2063",-0.540491963613427
"2064",-0.540491963613427
"2065",-0.540491963613427
"2066",-0.540491963613427
"2067",-0.529259199907217
"2068",-0.529259199907217
"2069",-0.529259199907217
"2070",-0.529259199907217
"2071",-0.529259199907217
"2072",-0.529259199907217
"2073",-0.529259199907217
"2074",-0.529259199907217
"2075",-0.529259199907217
"2076",-0.529259199907217
"2077",-0.529259199907217
"2078",-0.529259199907217
"2079",-0.529259199907217
"2080",0.216423498435793
"2081",0.216423498435793
"2082",0.216423498435793
"2083",0.216423498435793
"2084",0.216423498435793
"2085",0.216423498435793
"2086",0.216423498435793
"2087",0.216423498435793
"2088",0.240617143341476
"2089",0.240617143341476
"2090",0.240617143341476
"2091",0.240617143341476
"2092",0.240617143341476
"2093",0.240617143341476
"2094",0.240617143341476
"2095",0.240617143341476
"2096",0.240617143341476
"2097",0.240617143341476
"2098",0.240617143341476
"2099",0.240617143341476
"2100",0.230248438381898
"2101",0.230248438381898
"2102",0.230248438381898
"2103",0.230248438381898
"2104",0.230248438381898
"2105",0.230248438381898
"2106",0.230248438381898
"2107",0.230248438381898
"2108",0.230248438381898
"2109",0.230248438381898
"2110",0.230248438381898
"2111",0.230248438381898
"2112",0.230248438381898
"2113",0.212103204702636
"2114",0.212103204702636
"2115",0.212103204702636
"2116",0.212103204702636
"2117",0.212103204702636
"2118",0.212103204702636
"2119",0.212103204702636
"2120",0.212103204702636
"2121",0.212103204702636
"2122",0.212103204702636
"2123",0.212103204702636
"2124",0.212103204702636
"2125",0.212103204702636
"2126",0.212103204702636
"2127",0.212103204702636
"2128",0.195686088516637
"2129",0.195686088516637
"2130",0.195686088516637
"2131",0.195686088516637
"2132",0.195686088516637
"2133",0.195686088516637
"2134",0.195686088516637
"2135",0.195686088516637
"2136",0.195686088516637
"2137",0.195686088516637
"2138",0.195686088516637
"2139",0.195686088516637
"2140",0.195686088516637
"2141",0.195686088516637
"2142",0.195686088516637
"2143",0.195686088516637
"2144",0.195686088516637
"2145",0.778925742492919
"2146",0.778925742492919
"2147",0.778925742492919
"2148",0.778925742492919
"2149",0.778925742492919
"2150",0.778925742492919
"2151",0.778925742492919
"2152",0.778925742492919
"2153",0.778925742492919
"2154",0.778925742492919
"2155",0.778925742492919
"2156",0.778925742492919
"2157",0.772877331266499
"2158",0.772877331266499
"2159",0.772877331266499
"2160",0.772877331266499
"2161",0.772877331266499
"2162",0.772877331266499
"2163",0.772877331266499
"2164",0.772877331266499
"2165",0.772877331266499
"2166",0.772877331266499
"2167",0.772877331266499
"2168",0.772877331266499
"2169",0.772877331266499
"2170",0.769421096279972
"2171",0.769421096279972
"2172",0.769421096279972
"2173",0.769421096279972
"2174",0.769421096279972
"2175",0.769421096279972
"2176",0.769421096279972
"2177",0.769421096279972
"2178",0.769421096279972
"2179",0.769421096279972
"2180",0.769421096279972
"2181",0.769421096279972
"2182",0.769421096279972
"2183",0.769421096279972
"2184",0.769421096279972
"2185",0.782381977479445
"2186",0.782381977479445
"2187",0.782381977479445
"2188",0.782381977479445
"2189",0.782381977479445
"2190",0.782381977479445
"2191",0.782381977479445
"2192",0.782381977479445
"2193",0.782381977479445
"2194",0.782381977479445
"2195",0.782381977479445
"2196",0.782381977479445
"2197",0.782381977479445
"2198",0.782381977479445
"2199",0.782381977479445
"2200",0.782381977479445
"2201",0.753868038840605
"2202",0.753868038840605
"2203",0.753868038840605
"2204",0.753868038840605
"2205",0.753868038840605
"2206",0.753868038840605
"2207",0.753868038840605
"2208",0.753868038840605
"2209",0.753868038840605
"2210",0.753868038840605
"2211",0.753868038840605
"2212",0.753868038840605
"2213",0.753868038840605
"2214",0.753868038840605
"2215",0.753868038840605
"2216",1.40623239254741
"2217",1.40623239254741
"2218",1.40623239254741
"2219",1.40623239254741
"2220",1.40623239254741
"2221",1.40623239254741
"2222",1.40623239254741
"2223",1.40623239254741
"2224",1.40623239254741
"2225",1.40623239254741
"2226",1.40623239254741
"2227",1.40623239254741
"2228",1.40623239254741
"2229",1.40623239254741
"2230",1.40623239254741
"2231",1.40623239254741
"2232",1.4278338612132
"2233",1.4278338612132
"2234",1.4278338612132
"2235",1.4278338612132
"2236",1.4278338612132
"2237",1.4278338612132
"2238",1.4278338612132
"2239",1.4278338612132
"2240",1.4278338612132
"2241",1.4278338612132
"2242",1.4278338612132
"2243",1.4278338612132
"2244",1.4278338612132
"2245",1.4278338612132
"2246",1.3949996288412
"2247",1.3949996288412
"2248",1.3949996288412
"2249",1.3949996288412
"2250",1.3949996288412
"2251",1.3949996288412
"2252",1.3949996288412
"2253",1.3949996288412
"2254",1.3949996288412
"2255",1.3949996288412
"2256",1.3949996288412
"2257",1.3949996288412
"2258",1.3949996288412
"2259",1.3949996288412
"2260",1.3949996288412
"2261",1.3949996288412
"2262",1.38549498262825
"2263",1.38549498262825
"2264",1.38549498262825
"2265",1.38549498262825
"2266",1.38549498262825
"2267",1.38549498262825
"2268",1.38549498262825
"2269",1.38549498262825
"2270",1.38549498262825
"2271",1.38549498262825
"2272",1.38549498262825
"2273",1.38549498262825
"2274",1.38549498262825
"2275",1.38549498262825
"2276",1.38549498262825
"2277",1.38549498262825
"2278",1.38549498262825
"2279",1.42264950873341
"2280",1.42264950873341
"2281",1.42264950873341
"2282",1.42264950873341
"2283",1.42264950873341
"2284",1.42264950873341
"2285",1.42264950873341
"2286",1.42264950873341
"2287",1.42264950873341
"2288",1.42264950873341
"2289",1.42264950873341
"2290",1.42264950873341
"2291",1.42264950873341
"2292",1.42264950873341
"2293",1.42264950873341
"2294",1.42264950873341
"2295",1.42264950873341
"2296",1.42264950873341
"2297",-1.54798446218579
"2298",-1.54798446218579
"2299",-1.54798446218579
"2300",-1.54798446218579
"2301",-1.54798446218579
"2302",-1.54798446218579
"2303",-1.54798446218579
"2304",-1.54798446218579
"2305",-1.54798446218579
"2306",-1.54798446218579
"2307",-1.54798446218579
"2308",-1.54798446218579
"2309",-1.52379081728011
"2310",-1.52379081728011
"2311",-1.52379081728011
"2312",-1.52379081728011
"2313",-1.52379081728011
"2314",-1.52379081728011
"2315",-1.52379081728011
"2316",-1.52379081728011
"2317",-1.52379081728011
"2318",-1.52379081728011
"2319",-1.53502358098632
"2320",-1.53502358098632
"2321",-1.53502358098632
"2322",-1.53502358098632
"2323",-1.53502358098632
"2324",-1.53502358098632
"2325",-1.53502358098632
"2326",-1.52379081728011
"2327",-1.52379081728011
"2328",-1.52379081728011
"2329",-1.52379081728011
"2330",-1.52379081728011
"2331",-1.52379081728011
"2332",-1.52379081728011
"2333",-1.52379081728011
"2334",-1.53502358098632
"2335",-1.53502358098632
"2336",-1.53502358098632
"2337",-1.53502358098632
"2338",-1.53502358098632
"2339",-1.53502358098632
"2340",-1.53502358098632
"2341",-1.53502358098632
"2342",-1.54712040343916
"2343",-1.54712040343916
"2344",-1.54712040343916
"2345",-1.54712040343916
"2346",-1.54712040343916
"2347",-1.54712040343916
"2348",-1.54712040343916
"2349",-1.54712040343916
"2350",-1.49959717237442
"2351",-1.49959717237442
"2352",-1.49959717237442
"2353",-1.49959717237442
"2354",-1.49959717237442
"2355",-1.49959717237442
"2356",-1.49959717237442
"2357",-1.49959717237442
"2358",-1.49959717237442
"2359",-1.53588763973295
"2360",-1.53588763973295
"2361",-1.53588763973295
"2362",-1.53588763973295
"2363",-1.53588763973295
"2364",-1.53588763973295
"2365",-1.51082993608063
"2366",-1.51082993608063
"2367",-1.51082993608063
"2368",-1.51082993608063
"2369",-1.51082993608063
"2370",-1.51082993608063
"2371",-1.51082993608063
"2372",-1.51082993608063
"2373",-1.51082993608063
"2374",-1.51082993608063
"2375",-1.51082993608063
"2376",-1.51082993608063
"2377",-1.51082993608063
"2378",-1.53588763973295
"2379",-1.53588763973295
"2380",-1.53588763973295
"2381",-1.53588763973295
"2382",-1.53588763973295
"2383",-1.53588763973295
"2384",-1.53588763973295
"2385",-1.53588763973295
"2386",-1.53588763973295
"2387",-1.53588763973295
"2388",-1.52292675853348
"2389",-1.52292675853348
"2390",-1.52292675853348
"2391",-1.52292675853348
"2392",-1.52292675853348
"2393",-1.52292675853348
"2394",-1.52292675853348
"2395",-1.52292675853348
"2396",-1.52292675853348
"2397",-1.52292675853348
"2398",-1.51169399482727
"2399",-1.51169399482727
"2400",-1.51169399482727
"2401",-1.51169399482727
"2402",-1.51169399482727
"2403",-1.51169399482727
"2404",-1.51169399482727
"2405",-1.51169399482727
"2406",-1.49959717237442
"2407",-1.49959717237442
"2408",-1.49959717237442
"2409",-1.49959717237442
"2410",-1.49959717237442
"2411",-1.49959717237442
"2412",-0.924998105864457
"2413",-0.924998105864457
"2414",-0.924998105864457
"2415",-0.924998105864457
"2416",-0.924998105864457
"2417",-0.924998105864457
"2418",-0.924998105864457
"2419",-0.924998105864457
"2420",-0.924998105864457
"2421",-0.924998105864457
"2422",-0.924998105864457
"2423",-0.924998105864457
"2424",-0.924998105864457
"2425",-0.894756049732354
"2426",-0.894756049732354
"2427",-0.894756049732354
"2428",-0.894756049732354
"2429",-0.894756049732354
"2430",-0.894756049732354
"2431",-0.894756049732354
"2432",-0.894756049732354
"2433",-0.894756049732354
"2434",-0.894756049732354
"2435",-0.911173165918353
"2436",-0.911173165918353
"2437",-0.911173165918353
"2438",-0.911173165918353
"2439",-0.911173165918353
"2440",-0.911173165918353
"2441",-0.911173165918353
"2442",-0.834271937468147
"2443",-0.834271937468147
"2444",-0.834271937468147
"2445",-0.834271937468147
"2446",-0.834271937468147
"2447",-0.834271937468147
"2448",-0.834271937468147
"2449",-0.834271937468147
"2450",-0.912901283411616
"2451",-0.912901283411616
"2452",-0.912901283411616
"2453",-0.912901283411616
"2454",-0.912901283411616
"2455",-0.925862164611089
"2456",-0.925862164611089
"2457",-0.925862164611089
"2458",-0.925862164611089
"2459",-0.925862164611089
"2460",-0.925862164611089
"2461",-0.925862164611089
"2462",-0.85846558237383
"2463",-0.85846558237383
"2464",-0.85846558237383
"2465",-0.85846558237383
"2466",-0.85846558237383
"2467",-0.85846558237383
"2468",-0.85846558237383
"2469",-0.85846558237383
"2470",-0.85846558237383
"2471",-0.85846558237383
"2472",-0.834271937468147
"2473",-0.834271937468147
"2474",-0.834271937468147
"2475",-0.834271937468147
"2476",-0.834271937468147
"2477",-0.861057758613724
"2478",-0.861057758613724
"2479",-0.861057758613724
"2480",-0.861057758613724
"2481",-0.861057758613724
"2482",-0.861057758613724
"2483",-0.880067051039618
"2484",-0.880067051039618
"2485",-0.880067051039618
"2486",-0.880067051039618
"2487",-0.880067051039618
"2488",-0.880067051039618
"2489",-0.880067051039618
"2490",-0.880067051039618
"2491",-0.916357518398142
"2492",-0.916357518398142
"2493",-0.916357518398142
"2494",-0.916357518398142
"2495",-0.916357518398142
"2496",-0.916357518398142
"2497",-0.916357518398142
"2498",-0.916357518398142
"2499",-0.916357518398142
"2500",-0.896484167225617
"2501",-0.896484167225617
"2502",-0.896484167225617
"2503",-0.896484167225617
"2504",-0.896484167225617
"2505",-0.896484167225617
"2506",-0.896484167225617
"2507",-0.896484167225617
"2508",-0.896484167225617
"2509",-0.880931109786249
"2510",-0.880931109786249
"2511",-0.880931109786249
"2512",-0.880931109786249
"2513",-0.880931109786249
"2514",-0.880931109786249
"2515",-0.880931109786249
"2516",-0.880931109786249
"2517",-0.861057758613724
"2518",-0.861057758613724
"2519",-0.861057758613724
"2520",-0.861057758613724
"2521",-0.861057758613724
"2522",-0.861057758613724
"2523",-0.861057758613724
"2524",-0.861057758613724
"2525",-0.861057758613724
"2526",-0.216469933626603
"2527",-0.216469933626603
"2528",-0.216469933626603
"2529",-0.216469933626603
"2530",-0.216469933626603
"2531",-0.216469933626603
"2532",-0.216469933626603
"2533",-0.0652596529660853
"2534",-0.0652596529660853
"2535",-0.0652596529660853
"2536",-0.0652596529660853
"2537",-0.0652596529660853
"2538",-0.0652596529660853
"2539",-0.139568705176397
"2540",-0.139568705176397
"2541",-0.139568705176397
"2542",-0.139568705176397
"2543",-0.139568705176397
"2544",-0.139568705176397
"2545",-0.139568705176397
"2546",-0.139568705176397
"2547",-0.139568705176397
"2548",-0.18104352501471
"2549",-0.18104352501471
"2550",-0.18104352501471
"2551",-0.18104352501471
"2552",-0.18104352501471
"2553",-0.18104352501471
"2554",-0.18104352501471
"2555",-0.18104352501471
"2556",-0.149073351389344
"2557",-0.149073351389344
"2558",-0.149073351389344
"2559",-0.149073351389344
"2560",-0.149073351389344
"2561",-0.162898291335448
"2562",-0.162898291335448
"2563",-0.162898291335448
"2564",-0.162898291335448
"2565",-0.162898291335448
"2566",-0.162898291335448
"2567",-0.162898291335448
"2568",-0.21474181613334
"2569",-0.21474181613334
"2570",-0.21474181613334
"2571",-0.21474181613334
"2572",-0.21474181613334
"2573",-0.110190707790925
"2574",-0.110190707790925
"2575",-0.110190707790925
"2576",-0.110190707790925
"2577",-0.149073351389344
"2578",-0.149073351389344
"2579",-0.149073351389344
"2580",-0.149073351389344
"2581",-0.149073351389344
"2582",-0.149073351389344
"2583",-0.149073351389344
"2584",-0.149073351389344
"2585",-0.122287530243766
"2586",-0.122287530243766
"2587",-0.122287530243766
"2588",-0.122287530243766
"2589",-0.122287530243766
"2590",-0.122287530243766
"2591",-0.122287530243766
"2592",-0.122287530243766
"2593",-0.122287530243766
"2594",-0.122287530243766
"2595",-0.122287530243766
"2596",-0.149073351389344
"2597",-0.149073351389344
"2598",-0.149073351389344
"2599",-0.149073351389344
"2600",-0.149073351389344
"2601",-0.149073351389344
"2602",-0.149073351389344
"2603",-0.139568705176397
"2604",-0.139568705176397
"2605",-0.139568705176397
"2606",-0.139568705176397
"2607",-0.139568705176397
"2608",-0.139568705176397
"2609",-0.139568705176397
"2610",-0.122287530243766
"2611",-0.122287530243766
"2612",-0.122287530243766
"2613",-0.122287530243766
"2614",-0.122287530243766
"2615",-0.122287530243766
"2616",-0.122287530243766
"2617",-0.122287530243766
"2618",-0.110190707790925
"2619",-0.110190707790925
"2620",-0.110190707790925
"2621",-0.110190707790925
"2622",-0.110190707790925
"2623",-0.110190707790925
"2624",-0.110190707790925
"2625",-0.110190707790925
"2626",-0.110190707790925
"2627",0.473048946185358
"2628",0.473048946185358
"2629",0.473048946185358
"2630",0.473048946185358
"2631",0.473048946185358
"2632",0.473048946185358
"2633",0.473048946185358
"2634",0.516251883516934
"2635",0.516251883516934
"2636",0.516251883516934
"2637",0.516251883516934
"2638",0.516251883516934
"2639",0.516251883516934
"2640",0.516251883516934
"2641",0.516251883516934
"2642",0.501562884824198
"2643",0.501562884824198
"2644",0.501562884824198
"2645",0.501562884824198
"2646",0.501562884824198
"2647",0.501562884824198
"2648",0.483417651144936
"2649",0.483417651144936
"2650",0.483417651144936
"2651",0.483417651144936
"2652",0.483417651144936
"2653",0.483417651144936
"2654",0.483417651144936
"2655",0.483417651144936
"2656",0.483417651144936
"2657",0.568959467061458
"2658",0.568959467061458
"2659",0.568959467061458
"2660",0.568959467061458
"2661",0.568959467061458
"2662",0.568959467061458
"2663",0.568959467061458
"2664",0.50242694357083
"2665",0.50242694357083
"2666",0.50242694357083
"2667",0.50242694357083
"2668",0.50242694357083
"2669",0.50242694357083
"2670",0.50242694357083
"2671",0.50242694357083
"2672",0.50242694357083
"2673",0.473048946185358
"2674",0.473048946185358
"2675",0.473048946185358
"2676",0.473048946185358
"2677",0.473048946185358
"2678",0.473048946185358
"2679",0.473048946185358
"2680",0.473048946185358
"2681",0.51365970727704
"2682",0.51365970727704
"2683",0.51365970727704
"2684",0.51365970727704
"2685",0.51365970727704
"2686",0.51365970727704
"2687",0.51365970727704
"2688",0.489466062371357
"2689",0.489466062371357
"2690",0.489466062371357
"2691",0.489466062371357
"2692",0.489466062371357
"2693",0.489466062371357
"2694",0.537853352182722
"2695",0.537853352182722
"2696",0.537853352182722
"2697",0.536989293436091
"2698",0.536989293436091
"2699",0.536989293436091
"2700",0.536989293436091
"2701",0.536989293436091
"2702",0.536989293436091
"2703",0.536989293436091
"2704",0.489466062371357
"2705",0.489466062371357
"2706",0.489466062371357
"2707",0.489466062371357
"2708",0.489466062371357
"2709",0.550814233382195
"2710",0.550814233382195
"2711",0.550814233382195
"2712",0.550814233382195
"2713",0.550814233382195
"2714",0.550814233382195
"2715",0.537853352182722
"2716",0.537853352182722
"2717",0.537853352182722
"2718",0.537853352182722
"2719",0.537853352182722
"2720",0.537853352182722
"2721",0.537853352182722
"2722",0.537853352182722
"2723",0.525756529729881
"2724",0.525756529729881
"2725",0.525756529729881
"2726",0.525756529729881
"2727",0.525756529729881
"2728",0.525756529729881
"2729",0.525756529729881
"2730",0.525756529729881
"2731",0.525756529729881
"2732",1.09430718501343
"2733",1.09430718501343
"2734",1.09430718501343
"2735",1.09430718501343
"2736",1.09430718501343
"2737",1.09430718501343
"2738",1.09430718501343
"2739",1.09430718501343
"2740",1.09430718501343
"2741",1.13664606359837
"2742",1.13664606359837
"2743",1.13664606359837
"2744",1.13664606359837
"2745",1.13664606359837
"2746",1.13664606359837
"2747",1.13664606359837
"2748",1.13664606359837
"2749",1.13664606359837
"2750",1.04591989520206
"2751",1.04591989520206
"2752",1.04591989520206
"2753",1.04591989520206
"2754",1.04591989520206
"2755",1.04591989520206
"2756",1.04591989520206
"2757",1.08739471504038
"2758",1.08739471504038
"2759",1.08739471504038
"2760",1.08739471504038
"2761",1.08739471504038
"2762",1.08739471504038
"2763",1.08739471504038
"2764",1.08739471504038
"2765",1.0580167176549
"2766",1.0580167176549
"2767",1.0580167176549
"2768",1.0580167176549
"2769",1.0580167176549
"2770",1.0580167176549
"2771",1.0580167176549
"2772",1.09949153749322
"2773",1.09949153749322
"2774",1.09949153749322
"2775",1.09949153749322
"2776",1.09949153749322
"2777",1.09949153749322
"2778",1.09949153749322
"2779",1.09949153749322
"2780",1.09949153749322
"2781",1.09430718501343
"2782",1.09430718501343
"2783",1.09430718501343
"2784",1.09430718501343
"2785",1.09430718501343
"2786",1.0934431262668
"2787",1.0934431262668
"2788",1.0934431262668
"2789",1.0934431262668
"2790",1.0934431262668
"2791",1.0934431262668
"2792",1.0934431262668
"2793",1.0934431262668
"2794",1.0934431262668
"2795",1.0580167176549
"2796",1.0580167176549
"2797",1.0580167176549
"2798",1.0580167176549
"2799",1.0580167176549
"2800",1.0580167176549
"2801",1.08307442130722
"2802",1.08307442130722
"2803",1.08307442130722
"2804",1.08307442130722
"2805",1.08307442130722
"2806",1.08307442130722
"2807",1.1072680662129
"2808",1.1072680662129
"2809",1.1072680662129
"2810",1.1072680662129
"2811",1.1072680662129
"2812",1.1072680662129
"2813",1.1072680662129
"2814",1.1072680662129
"2815",1.1072680662129
"2816",1.00962942784354
"2817",1.00962942784354
"2818",1.00962942784354
"2819",1.00962942784354
"2820",1.00962942784354
"2821",1.13318982861185
"2822",1.13318982861185
"2823",1.13318982861185
"2824",1.13318982861185
"2825",1.13318982861185
"2826",1.13318982861185
"2827",1.13318982861185
"2828",1.13318982861185
"2829",1.13318982861185
"2830",1.09517124376006
"2831",1.09517124376006
"2832",1.09517124376006
"2833",1.09517124376006
"2834",1.09517124376006
"2835",1.09517124376006
"2836",1.09517124376006
"2837",1.09517124376006
"2838",1.09517124376006
"2839",1.0934431262668
"2840",1.0934431262668
"2841",1.0934431262668
"2842",1.0934431262668
"2843",1.0934431262668
"2844",1.0934431262668
"2845",1.0934431262668
"2846",1.0934431262668
"2847",1.0934431262668
